﻿Fecha;Dane_dep;Departamento;Dane_mun;Municipio;Dia_semana;Hora_captura;Barrio;Zona;Clase_sitio;Edad_cap;Sexo_cap;Estado_civil_cap;Clase_empleado_cap;Delito_captura;Anio;Mes;Dias;Horas;Ciclo;Cantidad
07/01/2018;19;CAUCA;19001;POPAYÁN;Domingo;15:00:00;MARIA ORIENTE;URBANA;VIAS PUBLICAS;29;MASCULINO;SOLTERO;INDEPENDIENTE;ARTÍCULO 214. CONSTREÑIMIENTO A LA PROSTITUCIÓN;2018;1;7;;(29 a 59) Adultez;1
11/01/2018;86;PUTUMAYO;86885;VILLAGARZÓN;Jueves;22:00:00;EL PROGRESO;URBANA;BARES, CANTINAS Y SIMILARES;29;MASCULINO;SOLTERO;COMERCIANTE;ARTÍCULO 217. ESTÍMULO A LA PROSTITUCIÓN DE MENORES;2018;1;11;;(29 a 59) Adultez;1
17/01/2018;17;CALDAS;17174;CHINCHINÁ;Miércoles;11:30:00;CENTRO;URBANA;VIAS PUBLICAS;31;MASCULINO;CASADO;EMPLEADO PARTICULAR;ARTÍCULO 219 A. UTILIZACIÓN O FACILITACIÓN DE MEDIOS DE COMUNICACIÓN PARA OFRECER SERVICIOS SEXUALES DE MENORES;2018;1;17;;(29 a 59) Adultez;1
17/01/2018;17;CALDAS;17174;CHINCHINÁ;Miércoles;11:30:00;VDA. LA FLORESTA;RURAL;FINCAS Y SIMILARES;33;MASCULINO;SOLTERO;AGRICULTOR;ARTÍCULO 219 A. UTILIZACIÓN O FACILITACIÓN DE MEDIOS DE COMUNICACIÓN PARA OFRECER SERVICIOS SEXUALES DE MENORES;2018;1;17;;(29 a 59) Adultez;1
21/01/2018;50;META;50400;LEJANÍAS;Domingo;19:40:00;MODELO;URBANA;BARES, CANTINAS Y SIMILARES;41;MASCULINO;SOLTERO;COMERCIANTE;ARTÍCULO 213 A. PROXENETISMO CON MENOR DE EDAD;2018;1;21;;(29 a 59) Adultez;1
24/01/2018;54;NORTE DE SANTANDER;54001;CÚCUTA;Miércoles;15:15:00;BARRIO SIGLO XXI;URBANA;VIAS PUBLICAS;22;MASCULINO;SOLTERO;DESEMPLEADO;ARTÍCULO 218. PORNOGRAFÍA CON MENORES;2018;1;24;;(18 a 28) Juventud;1
24/01/2018;54;NORTE DE SANTANDER;54001;CÚCUTA;Miércoles;15:15:00;BARRIO SIGLO XXI;URBANA;VIAS PUBLICAS;24;MASCULINO;UNION LIBRE;DESEMPLEADO;ARTÍCULO 218. PORNOGRAFÍA CON MENORES;2018;1;24;;(18 a 28) Juventud;1
26/01/2018;05;ANTIOQUIA;05045;APARTADÓ;Viernes;17:25:00;CGTO. CHURIDO PUEBLO;RURAL;FINCAS Y SIMILARES;43;MASCULINO;SOLTERO;INDEPENDIENTE;ARTÍCULO 218. PORNOGRAFÍA CON MENORES;2018;1;26;;(29 a 59) Adultez;1
27/01/2018;68;SANTANDER;68001;BUCARAMANGA;Sábado;21:20:00;CENTRO;URBANA;CASA DE LENOCINIO;30;MASCULINO;SOLTERO;EMPLEADO PARTICULAR;ARTÍCULO 217. ESTÍMULO A LA PROSTITUCIÓN DE MENORES;2018;1;27;;(29 a 59) Adultez;1
31/01/2018;23;CÓRDOBA;23580;PUERTO LIBERTADOR;Miércoles;16:00:00;MIRAFLOREZ;URBANA;CASAS DE HABITACION;66;MASCULINO;UNION LIBRE;COMERCIANTE;ARTÍCULO 213. INDUCCIÓN A LA PROSTITUCIÓN;2018;1;31;;(Más de 60) Adulto Mayor;1
02/02/2018;52;NARIÑO;52693;SAN PABLO;Viernes;14:00:00;14 DE AGOSTO;URBANA;CASAS DE HABITACION;16;MASCULINO;SOLTERO;ESTUDIANTE;ARTÍCULO 218. PORNOGRAFÍA CON MENORES;2018;2;2;;(12 a 17) Adolescencia;1
04/02/2018;41;HUILA;41359;ISNOS;Domingo;22:30:00;VEREDA EL PORVENIR;RURAL;BARES, CANTINAS Y SIMILARES;36;MASCULINO;UNION LIBRE;COMERCIANTE;ARTÍCULO 213. INDUCCIÓN A LA PROSTITUCIÓN;2018;2;4;;(29 a 59) Adultez;1
06/02/2018;05;ANTIOQUIA;05045;APARTADÓ;Martes;06:20:00;OBRERO;URBANA;VIAS PUBLICAS;29;MASCULINO;UNION LIBRE;INDEPENDIENTE;ARTÍCULO 218. PORNOGRAFÍA CON MENORES;2018;2;6;;(29 a 59) Adultez;1
10/02/2018;19;CAUCA;19455;MIRANDA;Sábado;10:30:00;MIRALINDO;URBANA;VIAS PUBLICAS;37;FEMENINO;SOLTERO;DESEMPLEADO;ARTÍCULO 216. INDUCCIÓN A LA PROSTITUCIÓN (CIRCUNSTANCIAS AGRAVACIÓN);2018;2;10;;(29 a 59) Adultez;1
10/02/2018;47;MAGDALENA;47001;SANTA MARTA;Sábado;15:40:00;ALMENDROS;URBANA;VIAS PUBLICAS;38;MASCULINO;UNION LIBRE;INDEPENDIENTE;ARTÍCULO 217 A. DEMANDA DE EXPLOTACION SEXUAL COMERCIAL DE PERSONA MENOR DE 18 AÑOS DE EDAD;2018;2;10;;(29 a 59) Adultez;1
11/02/2018;11;BOGOTÁ;11001;BOGOTÁ, D.C.;Domingo;11:30:00;AEROPUERTO EL DORADO;URBANA;AEROPUERTO;40;MASCULINO;SOLTERO;INDEPENDIENTE;ARTÍCULO 217 A. DEMANDA DE EXPLOTACION SEXUAL COMERCIAL DE PERSONA MENOR DE 18 AÑOS DE EDAD;2018;2;11;;(29 a 59) Adultez;1
13/02/2018;54;NORTE DE SANTANDER;54001;CÚCUTA;Martes;05:50:00;BARRIO QUINTA VELEZ;URBANA;VIAS PUBLICAS;40;MASCULINO;SOLTERO;DESEMPLEADO;ARTÍCULO 217 A. DEMANDA DE EXPLOTACION SEXUAL COMERCIAL DE PERSONA MENOR DE 18 AÑOS DE EDAD;2018;2;13;;(29 a 59) Adultez;1
13/02/2018;54;NORTE DE SANTANDER;54001;CÚCUTA;Martes;05:50:00;BARRIO QUINTA VELEZ;URBANA;VIAS PUBLICAS;48;MASCULINO;SOLTERO;EMPLEADO PARTICULAR;ARTÍCULO 217 A. DEMANDA DE EXPLOTACION SEXUAL COMERCIAL DE PERSONA MENOR DE 18 AÑOS DE EDAD;2018;2;13;;(29 a 59) Adultez;1
13/02/2018;54;NORTE DE SANTANDER;54001;CÚCUTA;Martes;05:50:00;BARRIO QUINTA VELEZ;URBANA;VIAS PUBLICAS;50;MASCULINO;SOLTERO;EMPLEADO PARTICULAR;ARTÍCULO 217 A. DEMANDA DE EXPLOTACION SEXUAL COMERCIAL DE PERSONA MENOR DE 18 AÑOS DE EDAD;2018;2;13;;(29 a 59) Adultez;1
13/02/2018;08;ATLÁNTICO;08001;BARRANQUILLA;Martes;20:00:00;RIOMAR;URBANA;VIAS PUBLICAS;25;MASCULINO;SOLTERO;DESEMPLEADO;ARTÍCULO 213 A. PROXENETISMO CON MENOR DE EDAD;2018;2;13;;(18 a 28) Juventud;1
14/02/2018;08;ATLÁNTICO;08001;BARRANQUILLA;Miércoles;08:30:00;EL CAMPITO;URBANA;VIAS PUBLICAS;26;MASCULINO;SOLTERO;ESTUDIANTE;ARTÍCULO 216. INDUCCIÓN A LA PROSTITUCIÓN (CIRCUNSTANCIAS AGRAVACIÓN);2018;2;14;;(18 a 28) Juventud;1
14/02/2018;76;VALLE;76001;CALI;Miércoles;17:20:00;EUCARISTICO E19;URBANA;INSTALACIONES JUDICIALES;50;MASCULINO;SOLTERO;DESEMPLEADO;ARTÍCULO 213 A. PROXENETISMO CON MENOR DE EDAD;2018;2;14;;(29 a 59) Adultez;1
21/02/2018;70;SUCRE;70001;SINCELEJO;Miércoles;11:15:00;LA SELVA;URBANA;VIAS PUBLICAS;18;MASCULINO;SOLTERO;ESTUDIANTE;ARTÍCULO 218. PORNOGRAFÍA CON MENORES;2018;2;21;;(18 a 28) Juventud;1
26/02/2018;68;SANTANDER;68307;GIRÓN;Lunes;00:00:00;VDA. LAGUNETA;RURAL;FRENTE EMPRESA - VIA PUBLICA;46;MASCULINO;UNION LIBRE;EMPLEADO PARTICULAR;ARTÍCULO 217 A. DEMANDA DE EXPLOTACION SEXUAL COMERCIAL DE PERSONA MENOR DE 18 AÑOS DE EDAD;2018;2;26;;(29 a 59) Adultez;1
01/03/2018;11;BOGOTÁ;11001;BOGOTÁ, D.C.;Jueves;02:48:00;LA VERACRUZ E-3;URBANA;VIAS PUBLICAS;45;MASCULINO;SOLTERO;EMPLEADO PARTICULAR;ARTÍCULO 217. ESTÍMULO A LA PROSTITUCIÓN DE MENORES;2018;3;1;;(29 a 59) Adultez;1
08/03/2018;76;VALLE;76001;CALI;Jueves;18:25:00;ALTO NAPOLES E18;URBANA;VIAS PUBLICAS;69;MASCULINO;SOLTERO;INDEPENDIENTE;ARTÍCULO 217 A. DEMANDA DE EXPLOTACION SEXUAL COMERCIAL DE PERSONA MENOR DE 18 AÑOS DE EDAD;2018;3;8;;(Más de 60) Adulto Mayor;1
10/03/2018;68;SANTANDER;68001;BUCARAMANGA;Sábado;16:45:00;LA CONCORDIA;URBANA;HOTELES, RESIDENCIAS, Y SIMILARES.;23;FEMENINO;UNION LIBRE;EMPLEADO PARTICULAR;ARTÍCULO 213. INDUCCIÓN A LA PROSTITUCIÓN;2018;3;10;;(18 a 28) Juventud;1
11/03/2018;13;BOLÍVAR;13001;CARTAGENA;Domingo;15:15:00;SAN FERNANDO;URBANA;VIAS PUBLICAS;32;MASCULINO;SOLTERO;EMPLEADO PARTICULAR;ARTÍCULO 217 A. DEMANDA DE EXPLOTACION SEXUAL COMERCIAL DE PERSONA MENOR DE 18 AÑOS DE EDAD;2018;3;11;;(29 a 59) Adultez;1
15/03/2018;50;META;50001;VILLAVICENCIO;Jueves;08:10:00;NUEVO MAIZARO;URBANA;HOTELES, RESIDENCIAS, Y SIMILARES.;42;MASCULINO;CASADO;EMPLEADO PARTICULAR;ARTÍCULO 217 A. DEMANDA DE EXPLOTACION SEXUAL COMERCIAL DE PERSONA MENOR DE 18 AÑOS DE EDAD;2018;3;15;;(29 a 59) Adultez;1
16/03/2018;66;RISARALDA;66170;DOSQUEBRADAS;Viernes;08:40:00;BUENOS AIRES;URBANA;VIAS PUBLICAS;17;FEMENINO;SOLTERO;EDUCADOR;ARTÍCULO 213. INDUCCIÓN A LA PROSTITUCIÓN;2018;3;16;;(12 a 17) Adolescencia;1
21/03/2018;23;CÓRDOBA;23686;SAN PELAYO;Miércoles;17:30:00;LA ENCAÑADA;URBANA;VIAS PUBLICAS;33;MASCULINO;SOLTERO;EMPLEADO PARTICULAR;ARTÍCULO 218. PORNOGRAFÍA CON MENORES;2018;3;21;;(29 a 59) Adultez;1
23/03/2018;73;TOLIMA;73001;IBAGUÉ;Viernes;06:30:00;JORDAN III ETAPA;URBANA;VIAS PUBLICAS;24;FEMENINO;UNION LIBRE;COMERCIANTE;ARTÍCULO 213 A. PROXENETISMO CON MENOR DE EDAD;2018;3;23;;(18 a 28) Juventud;1
23/03/2018;73;TOLIMA;73001;IBAGUÉ;Viernes;13:30:00;RESTREPO;URBANA;VIAS PUBLICAS;44;FEMENINO;SOLTERO;COMERCIANTE;ARTÍCULO 213 A. PROXENETISMO CON MENOR DE EDAD;2018;3;23;;(29 a 59) Adultez;1
23/03/2018;73;TOLIMA;73001;IBAGUÉ;Viernes;15:00:00;PROTECHO (TOPACIO);URBANA;VIAS PUBLICAS;40;FEMENINO;UNION LIBRE;INDEPENDIENTE;ARTÍCULO 213 A. PROXENETISMO CON MENOR DE EDAD;2018;3;23;;(29 a 59) Adultez;1
23/03/2018;73;TOLIMA;73001;IBAGUÉ;Viernes;22:50:00;EL SALADO;URBANA;VIAS PUBLICAS;20;FEMENINO;SOLTERO;INDEPENDIENTE;ARTÍCULO 213 A. PROXENETISMO CON MENOR DE EDAD;2018;3;23;;(18 a 28) Juventud;1
24/03/2018;52;NARIÑO;52693;SAN PABLO;Sábado;14:00:00;JARDINES;URBANA;VIAS PUBLICAS;15;MASCULINO;SOLTERO;ESTUDIANTE;ARTÍCULO 218. PORNOGRAFÍA CON MENORES;2018;3;24;;(12 a 17) Adolescencia;1
24/03/2018;76;VALLE;76001;CALI;Sábado;21:54:00;JUANAMBU E2;URBANA;DENTRO DE LA VIVIENDA;28;MASCULINO;UNION LIBRE;EMPLEADO PARTICULAR;ARTÍCULO 217 A. DEMANDA DE EXPLOTACION SEXUAL COMERCIAL DE PERSONA MENOR DE 18 AÑOS DE EDAD;2018;3;24;;(18 a 28) Juventud;1
27/03/2018;68;SANTANDER;68001;BUCARAMANGA;Martes;18:00:00;GALAN;URBANA;CENTRO COMERCIAL;35;MASCULINO;UNION LIBRE;EMPLEADO PARTICULAR;ARTÍCULO 219 A. UTILIZACIÓN O FACILITACIÓN DE MEDIOS DE COMUNICACIÓN PARA OFRECER SERVICIOS SEXUALES DE MENORES;2018;3;27;;(29 a 59) Adultez;1
28/03/2018;50;META;50001;VILLAVICENCIO;Miércoles;15:00:00;SAN ISIDRO;URBANA;VIAS PUBLICAS;21;MASCULINO;SOLTERO;EMPLEADO PARTICULAR;ARTÍCULO 219 A. UTILIZACIÓN O FACILITACIÓN DE MEDIOS DE COMUNICACIÓN PARA OFRECER SERVICIOS SEXUALES DE MENORES;2018;3;28;;(18 a 28) Juventud;1
03/04/2018;50;META;50001;VILLAVICENCIO;Martes;18:20:00;SAN FERNANDO;URBANA;VIAS PUBLICAS;28;MASCULINO;UNION LIBRE;COMERCIANTE;ARTÍCULO 213 A. PROXENETISMO CON MENOR DE EDAD;2018;4;3;;(18 a 28) Juventud;1
03/04/2018;50;META;50001;VILLAVICENCIO;Martes;18:20:00;SAN FERNANDO;URBANA;VIAS PUBLICAS;54;FEMENINO;SOLTERO;DESEMPLEADO;ARTÍCULO 213 A. PROXENETISMO CON MENOR DE EDAD;2018;4;3;;(29 a 59) Adultez;1
05/04/2018;76;VALLE;76001;CALI;Jueves;13:10:00;CENTENARIO E2;URBANA;VIAS PUBLICAS;28;MASCULINO;SOLTERO;EMPLEADO PARTICULAR;ARTÍCULO 213 A. PROXENETISMO CON MENOR DE EDAD;2018;4;5;;(18 a 28) Juventud;1
07/04/2018;86;PUTUMAYO;86568;PUERTO ASÍS;Sábado;08:00:00;VILLA PAZ;URBANA;VIAS PUBLICAS;41;MASCULINO;SOLTERO;INDEPENDIENTE;ARTÍCULO 213 A. PROXENETISMO CON MENOR DE EDAD;2018;4;7;;(29 a 59) Adultez;1
12/04/2018;63;QUINDÍO;63130;CALARCA;Jueves;10:00:00;LAS AMERICAS;RURAL;TRAMO DE VIA;44;MASCULINO;CASADO;EMPLEADO PARTICULAR;ARTÍCULO 213 A. PROXENETISMO CON MENOR DE EDAD;2018;4;12;;(29 a 59) Adultez;1
13/04/2018;68;SANTANDER;68679;SAN GIL;Viernes;01:22:00;LA PLAYA;URBANA;CASAS DE HABITACION;23;MASCULINO;SOLTERO;INDEPENDIENTE;ARTÍCULO 213. INDUCCIÓN A LA PROSTITUCIÓN;2018;4;13;;(18 a 28) Juventud;1
13/04/2018;68;SANTANDER;68679;SAN GIL;Viernes;01:22:00;LA PLAYA;URBANA;CASAS DE HABITACION;47;FEMENINO;SEPARADO;INDEPENDIENTE;ARTÍCULO 213. INDUCCIÓN A LA PROSTITUCIÓN;2018;4;13;;(29 a 59) Adultez;1
14/04/2018;17;CALDAS;17433;MANZANARES;Sábado;18:00:00;CENTRO;URBANA;VIAS PUBLICAS;30;MASCULINO;UNION LIBRE;INDEPENDIENTE;ARTÍCULO 217 A. DEMANDA DE EXPLOTACION SEXUAL COMERCIAL DE PERSONA MENOR DE 18 AÑOS DE EDAD;2018;4;14;;(29 a 59) Adultez;1
15/04/2018;66;RISARALDA;66001;PEREIRA;Domingo;17:30:00;CENTRO (A) PEREIRA;URBANA;HOTELES, RESIDENCIAS, Y SIMILARES.;57;MASCULINO;SOLTERO;DESEMPLEADO;ARTÍCULO 213. INDUCCIÓN A LA PROSTITUCIÓN;2018;4;15;;(29 a 59) Adultez;1
16/04/2018;23;CÓRDOBA;23182;CHINÚ;Lunes;11:50:00;SAN RAFAEL;URBANA;VIAS PUBLICAS;18;FEMENINO;SOLTERO;EMPLEADO PARTICULAR;ARTÍCULO 213 A. PROXENETISMO CON MENOR DE EDAD;2018;4;16;;(18 a 28) Juventud;1
18/04/2018;44;LA GUAJIRA;44001;RIOHACHA;Miércoles;11:20:00;LA ESPERANZA;URBANA;VIAS PUBLICAS;24;FEMENINO;SOLTERO;DESEMPLEADO;ARTÍCULO 213 A. PROXENETISMO CON MENOR DE EDAD;2018;4;18;;(18 a 28) Juventud;1
19/04/2018;52;NARIÑO;52838;TÚQUERRES;Jueves;22:05:00;VIA QUE CONDUCE A TUMACO;URBANA;DISCOTECAS;42;MASCULINO;SOLTERO;DESEMPLEADO;ARTÍCULO 213. INDUCCIÓN A LA PROSTITUCIÓN;2018;4;19;;(29 a 59) Adultez;1
20/04/2018;76;VALLE;76001;CALI;Viernes;10:50:00;OLIMPICO E10;URBANA;VIAS PUBLICAS;46;MASCULINO;SOLTERO;EMPLEADO PARTICULAR;ARTÍCULO 217 A. DEMANDA DE EXPLOTACION SEXUAL COMERCIAL DE PERSONA MENOR DE 18 AÑOS DE EDAD;2018;4;20;;(29 a 59) Adultez;1
22/04/2018;18;CAQUETÁ;18001;FLORENCIA;Domingo;11:15:00;EL RAICERO;URBANA;VIAS PUBLICAS;42;MASCULINO;UNION LIBRE;INDEPENDIENTE;ARTÍCULO 218. PORNOGRAFÍA CON MENORES;2018;4;22;;(29 a 59) Adultez;1
26/04/2018;13;BOLÍVAR;13001;CARTAGENA;Jueves;07:00:00;SAN JOSE DE LOS CAMPANOS;URBANA;VIAS PUBLICAS;35;MASCULINO;UNION LIBRE;EMPLEADO PARTICULAR;ARTÍCULO 217 A. DEMANDA DE EXPLOTACION SEXUAL COMERCIAL DE PERSONA MENOR DE 18 AÑOS DE EDAD;2018;4;26;;(29 a 59) Adultez;1
29/04/2018;13;BOLÍVAR;13001;CARTAGENA;Domingo;07:30:00;PASEO DE BOLIVAR;URBANA;OTRO;51;MASCULINO;UNION LIBRE;INDEPENDIENTE;ARTÍCULO 217 A. DEMANDA DE EXPLOTACION SEXUAL COMERCIAL DE PERSONA MENOR DE 18 AÑOS DE EDAD;2018;4;29;;(29 a 59) Adultez;1
02/05/2018;52;NARIÑO;52356;IPIALES;Miércoles;17:50:00;RUMICHACA;URBANA;PUENTE;27;MASCULINO;SOLTERO;COMERCIANTE;ARTÍCULO 213. INDUCCIÓN A LA PROSTITUCIÓN;2018;5;2;;(18 a 28) Juventud;1
02/05/2018;52;NARIÑO;52356;IPIALES;Miércoles;17:50:00;RUMICHACA;URBANA;PUENTE;32;FEMENINO;SOLTERO;COMERCIANTE;ARTÍCULO 213. INDUCCIÓN A LA PROSTITUCIÓN;2018;5;2;;(29 a 59) Adultez;1
02/05/2018;52;NARIÑO;52356;IPIALES;Miércoles;17:50:00;RUMICHACA;URBANA;PUENTE;46;MASCULINO;UNION LIBRE;COMERCIANTE;ARTÍCULO 213. INDUCCIÓN A LA PROSTITUCIÓN;2018;5;2;;(29 a 59) Adultez;1
08/05/2018;08;ATLÁNTICO;08001;BARRANQUILLA;Martes;06:50:00;NUEVO HORIZONTE;URBANA;VIAS PUBLICAS;16;MASCULINO;SOLTERO;ESTUDIANTE;ARTÍCULO 218. PORNOGRAFÍA CON MENORES;2018;5;8;;(12 a 17) Adolescencia;1
11/05/2018;50;META;50001;VILLAVICENCIO;Viernes;10:37:00;PORVENIR;URBANA;VIAS PUBLICAS;68;MASCULINO;SOLTERO;EMPLEADO PARTICULAR;ARTÍCULO 218. PORNOGRAFÍA CON MENORES;2018;5;11;;(Más de 60) Adulto Mayor;1
14/05/2018;13;BOLÍVAR;13838;TURBANÁ;Lunes;16:51:00;SEGUNDA DEL CEMENTERIO;RURAL;VIAS PUBLICAS;41;FEMENINO;UNION LIBRE;DESEMPLEADO;ARTÍCULO 217 A. DEMANDA DE EXPLOTACION SEXUAL COMERCIAL DE PERSONA MENOR DE 18 AÑOS DE EDAD;2018;5;14;;(29 a 59) Adultez;1
20/05/2018;19;CAUCA;19212;CORINTO;Domingo;19:30:00;LA ESMERALDA;URBANA;BARES, CANTINAS Y SIMILARES;29;MASCULINO;UNION LIBRE;COMERCIANTE;ARTÍCULO 213 A. PROXENETISMO CON MENOR DE EDAD;2018;5;20;;(29 a 59) Adultez;1
20/05/2018;19;CAUCA;19212;CORINTO;Domingo;19:30:00;LA ESMERALDA;URBANA;BARES, CANTINAS Y SIMILARES;38;FEMENINO;UNION LIBRE;COMERCIANTE;ARTÍCULO 213 A. PROXENETISMO CON MENOR DE EDAD;2018;5;20;;(29 a 59) Adultez;1
21/05/2018;05;ANTIOQUIA;05440;MARINILLA;Lunes;07:30:00;CIMARRONAS;URBANA;VIAS PUBLICAS;58;MASCULINO;SOLTERO;INDEPENDIENTE;ARTÍCULO 217 A. DEMANDA DE EXPLOTACION SEXUAL COMERCIAL DE PERSONA MENOR DE 18 AÑOS DE EDAD;2018;5;21;;(29 a 59) Adultez;1
22/05/2018;52;NARIÑO;52838;TÚQUERRES;Martes;06:52:00;SAN JUAN;URBANA;VIAS PUBLICAS;43;FEMENINO;UNION LIBRE;AMA DE CASA;ARTÍCULO 213. INDUCCIÓN A LA PROSTITUCIÓN;2018;5;22;;(29 a 59) Adultez;1
22/05/2018;73;TOLIMA;73585;PURIFICACIÓN;Martes;09:00:00;VILLA DE LAS PALMAS;URBANA;CASAS DE HABITACION;54;MASCULINO;UNION LIBRE;EMPLEADO PARTICULAR;ARTÍCULO 217 A. DEMANDA DE EXPLOTACION SEXUAL COMERCIAL DE PERSONA MENOR DE 18 AÑOS DE EDAD;2018;5;22;;(29 a 59) Adultez;1
27/05/2018;76;VALLE;76001;CALI;Domingo;08:30:00;CENTENARIO E2;URBANA;VIAS PUBLICAS;35;MASCULINO;SOLTERO;EMPLEADO PARTICULAR;ARTÍCULO 217. ESTÍMULO A LA PROSTITUCIÓN DE MENORES;2018;5;27;;(29 a 59) Adultez;1
28/05/2018;23;CÓRDOBA;23001;MONTERÍA;Lunes;23:02:00;LA CASTELLANA;URBANA;VIAS PUBLICAS;22;MASCULINO;SOLTERO;INDEPENDIENTE;ARTÍCULO 218. PORNOGRAFÍA CON MENORES;2018;5;28;;(18 a 28) Juventud;1
29/05/2018;11;BOGOTÁ;11001;BOGOTÁ, D.C.;Martes;08:15:00;EL CARMELO E-8;URBANA;CASAS DE HABITACION;44;MASCULINO;SOLTERO;EMPLEADO PARTICULAR;ARTÍCULO 218. PORNOGRAFÍA CON MENORES;2018;5;29;;(29 a 59) Adultez;1
03/06/2018;44;LA GUAJIRA;44430;MAICAO;Domingo;17:30:00;CORREGIMIENTO DE PARAGUACHON;RURAL;TRAMO DE VIA;40;MASCULINO;UNION LIBRE;EMPLEADO PARTICULAR;ARTÍCULO 217 A. DEMANDA DE EXPLOTACION SEXUAL COMERCIAL DE PERSONA MENOR DE 18 AÑOS DE EDAD;2018;6;3;;(29 a 59) Adultez;1
04/06/2018;08;ATLÁNTICO;08433;MALAMBO;Lunes;09:00:00;MALAMBITO;URBANA;VIAS PUBLICAS;51;MASCULINO;CASADO;INDEPENDIENTE;ARTÍCULO 217 A. DEMANDA DE EXPLOTACION SEXUAL COMERCIAL DE PERSONA MENOR DE 18 AÑOS DE EDAD;2018;6;4;;(29 a 59) Adultez;1
05/06/2018;23;CÓRDOBA;23001;MONTERÍA;Martes;09:00:00;LA FLORESTA;URBANA;VIAS PUBLICAS;53;FEMENINO;SOLTERO;AMA DE CASA;ARTÍCULO 213 A. PROXENETISMO CON MENOR DE EDAD;2018;6;5;;(29 a 59) Adultez;1
05/06/2018;23;CÓRDOBA;23001;MONTERÍA;Martes;09:20:00;6 DE MARZO;URBANA;VIAS PUBLICAS;18;FEMENINO;SOLTERO;DESEMPLEADO;ARTÍCULO 213 A. PROXENETISMO CON MENOR DE EDAD;2018;6;5;;(18 a 28) Juventud;1
05/06/2018;23;CÓRDOBA;23001;MONTERÍA;Martes;09:20:00;CHUCHURUBI;URBANA;VIAS PUBLICAS;31;MASCULINO;SOLTERO;DESEMPLEADO;ARTÍCULO 213 A. PROXENETISMO CON MENOR DE EDAD;2018;6;5;;(29 a 59) Adultez;1
06/06/2018;50;META;50001;VILLAVICENCIO;Miércoles;10:15:00;EL RETIRO;URBANA;LOCAL COMERCIAL;20;MASCULINO;SOLTERO;ESTUDIANTE;ARTÍCULO 218. PORNOGRAFÍA CON MENORES;2018;6;6;;(18 a 28) Juventud;1
07/06/2018;11;BOGOTÁ;11001;BOGOTÁ, D.C.;Jueves;09:49:00;AURES II E-11;URBANA;VIAS PUBLICAS;25;MASCULINO;SOLTERO;INDEPENDIENTE;LEY 1453. ARTÍCULO 93. EXPLOTACIÓN DE MENORES DE EDAD;2018;6;7;;(18 a 28) Juventud;1
07/06/2018;68;SANTANDER;68276;FLORIDABLANCA;Jueves;17:20:00;EL BOSQUE;URBANA;FRENTE CLINICA U HOSPITAL - VIA PUBLICA;45;MASCULINO;CASADO;COMERCIANTE;ARTÍCULO 217 A. DEMANDA DE EXPLOTACION SEXUAL COMERCIAL DE PERSONA MENOR DE 18 AÑOS DE EDAD;2018;6;7;;(29 a 59) Adultez;1
07/06/2018;11;BOGOTÁ;11001;BOGOTÁ, D.C.;Jueves;18:20:00;AEROPUERTO EL DORADO;URBANA;LOCAL COMERCIAL;23;FEMENINO;CASADO;EMPLEADO PARTICULAR;ARTÍCULO 213 A. PROXENETISMO CON MENOR DE EDAD;2018;6;7;;(18 a 28) Juventud;1
12/06/2018;76;VALLE;76001;CALI;Martes;17:05:00;AGUACATAL E1;URBANA;VIAS PUBLICAS;61;MASCULINO;SOLTERO;EMPLEADO PARTICULAR;ARTÍCULO 217 A. DEMANDA DE EXPLOTACION SEXUAL COMERCIAL DE PERSONA MENOR DE 18 AÑOS DE EDAD;2018;6;12;;(Más de 60) Adulto Mayor;1
17/06/2018;76;VALLE;76001;CALI;Domingo;09:04:00;PRADOS DE ORIENTE E11;URBANA;VIAS PUBLICAS;19;FEMENINO;SOLTERO;AMA DE CASA;ARTÍCULO 213. INDUCCIÓN A LA PROSTITUCIÓN;2018;6;17;;(18 a 28) Juventud;1
17/06/2018;25;CUNDINAMARCA;25797;TENA;Domingo;21:30:00;CENTRO;URBANA;CASAS DE HABITACION;74;MASCULINO;UNION LIBRE;EMPLEADO PARTICULAR;ARTÍCULO 217. ESTÍMULO A LA PROSTITUCIÓN DE MENORES;2018;6;17;;(Más de 60) Adulto Mayor;1
18/06/2018;70;SUCRE;70204;COLOSO;Lunes;09:30:00;CALLE REAL;URBANA;VIAS PUBLICAS;41;MASCULINO;SOLTERO;EMPLEADO PARTICULAR;ARTÍCULO 217 A. DEMANDA DE EXPLOTACION SEXUAL COMERCIAL DE PERSONA MENOR DE 18 AÑOS DE EDAD;2018;6;18;;(29 a 59) Adultez;1
21/06/2018;23;CÓRDOBA;23001;MONTERÍA;Jueves;15:10:00;CHUCHURUBI;URBANA;VIAS PUBLICAS;18;FEMENINO;SOLTERO;ESTUDIANTE;ARTÍCULO 213 A. PROXENETISMO CON MENOR DE EDAD;2018;6;21;;(18 a 28) Juventud;1
22/06/2018;86;PUTUMAYO;86568;PUERTO ASÍS;Viernes;10:30:00;SAN NICOLAS;URBANA;VIAS PUBLICAS;31;MASCULINO;UNION LIBRE;EMPLEADO PARTICULAR;ARTÍCULO 213 A. PROXENETISMO CON MENOR DE EDAD;2018;6;22;;(29 a 59) Adultez;1
22/06/2018;86;PUTUMAYO;86568;PUERTO ASÍS;Viernes;10:30:00;SAN NICOLAS;URBANA;VIAS PUBLICAS;52;FEMENINO;UNION LIBRE;EMPLEADO PARTICULAR;ARTÍCULO 213 A. PROXENETISMO CON MENOR DE EDAD;2018;6;22;;(29 a 59) Adultez;1
22/06/2018;11;BOGOTÁ;11001;BOGOTÁ, D.C.;Viernes;15:30:00;LA FAVORITA E-14;URBANA;VIAS PUBLICAS;24;MASCULINO;SOLTERO;EMPLEADO PARTICULAR;ARTÍCULO 213 A. PROXENETISMO CON MENOR DE EDAD;2018;6;22;;(18 a 28) Juventud;1
22/06/2018;11;BOGOTÁ;11001;BOGOTÁ, D.C.;Viernes;15:30:00;LA FAVORITA E-14;URBANA;VIAS PUBLICAS;57;MASCULINO;UNION LIBRE;DESEMPLEADO;ARTÍCULO 213 A. PROXENETISMO CON MENOR DE EDAD;2018;6;22;;(29 a 59) Adultez;1
22/06/2018;11;BOGOTÁ;11001;BOGOTÁ, D.C.;Viernes;15:30:00;LA FAVORITA E-14;URBANA;VIAS PUBLICAS;61;MASCULINO;SOLTERO;EMPLEADO PARTICULAR;ARTÍCULO 213 A. PROXENETISMO CON MENOR DE EDAD;2018;6;22;;(Más de 60) Adulto Mayor;1
22/06/2018;11;BOGOTÁ;11001;BOGOTÁ, D.C.;Viernes;15:30:00;SANTA FE E-14;URBANA;VIAS PUBLICAS;32;MASCULINO;SOLTERO;DESEMPLEADO;ARTÍCULO 213 A. PROXENETISMO CON MENOR DE EDAD;2018;6;22;;(29 a 59) Adultez;1
22/06/2018;11;BOGOTÁ;11001;BOGOTÁ, D.C.;Viernes;15:30:00;SANTA FE E-14;URBANA;VIAS PUBLICAS;48;MASCULINO;SOLTERO;EMPLEADO PARTICULAR;ARTÍCULO 213 A. PROXENETISMO CON MENOR DE EDAD;2018;6;22;;(29 a 59) Adultez;2
22/06/2018;11;BOGOTÁ;11001;BOGOTÁ, D.C.;Viernes;15:30:00;SANTA FE E-14;URBANA;VIAS PUBLICAS;53;MASCULINO;SOLTERO;EMPLEADO PARTICULAR;ARTÍCULO 213 A. PROXENETISMO CON MENOR DE EDAD;2018;6;22;;(29 a 59) Adultez;1
22/06/2018;11;BOGOTÁ;11001;BOGOTÁ, D.C.;Viernes;15:30:00;SANTA FE E-14;URBANA;VIAS PUBLICAS;57;MASCULINO;SOLTERO;EMPLEADO PARTICULAR;ARTÍCULO 213 A. PROXENETISMO CON MENOR DE EDAD;2018;6;22;;(29 a 59) Adultez;1
22/06/2018;11;BOGOTÁ;11001;BOGOTÁ, D.C.;Viernes;15:30:00;SANTA FE E-14;URBANA;VIAS PUBLICAS;78;MASCULINO;SOLTERO;EMPLEADO PARTICULAR;ARTÍCULO 213 A. PROXENETISMO CON MENOR DE EDAD;2018;6;22;;(Más de 60) Adulto Mayor;1
23/06/2018;11;BOGOTÁ;11001;BOGOTÁ, D.C.;Sábado;15:30:00;PALOQUEMAO E-14;URBANA;VIAS PUBLICAS;25;MASCULINO;UNION LIBRE;INDEPENDIENTE;ARTÍCULO 213 A. PROXENETISMO CON MENOR DE EDAD;2018;6;23;;(18 a 28) Juventud;1
26/06/2018;66;RISARALDA;66001;PEREIRA;Martes;14:30:00;SECTOR PLAZA DE BOLIVAR;URBANA;VIAS PUBLICAS;35;MASCULINO;SOLTERO;INDEPENDIENTE;ARTÍCULO 218. PORNOGRAFÍA CON MENORES;2018;6;26;;(29 a 59) Adultez;1
27/06/2018;11;BOGOTÁ;11001;BOGOTÁ, D.C.;Miércoles;07:30:00;ARBORIZADORA BAJA E-19;URBANA;VIAS PUBLICAS;20;MASCULINO;SOLTERO;DESEMPLEADO;ARTÍCULO 218. PORNOGRAFÍA CON MENORES;2018;6;27;;(18 a 28) Juventud;1
27/06/2018;11;BOGOTÁ;11001;BOGOTÁ, D.C.;Miércoles;07:30:00;ARBORIZADORA BAJA E-19;URBANA;VIAS PUBLICAS;25;FEMENINO;SOLTERO;DESEMPLEADO;ARTÍCULO 218. PORNOGRAFÍA CON MENORES;2018;6;27;;(18 a 28) Juventud;2
27/06/2018;11;BOGOTÁ;11001;BOGOTÁ, D.C.;Miércoles;07:30:00;ARBORIZADORA BAJA E-19;URBANA;VIAS PUBLICAS;30;MASCULINO;SOLTERO;EMPLEADO INPEC;ARTÍCULO 218. PORNOGRAFÍA CON MENORES;2018;6;27;;(29 a 59) Adultez;1
27/06/2018;11;BOGOTÁ;11001;BOGOTÁ, D.C.;Miércoles;07:30:00;ARBORIZADORA BAJA E-19;URBANA;VIAS PUBLICAS;31;FEMENINO;UNION LIBRE;AMA DE CASA;ARTÍCULO 218. PORNOGRAFÍA CON MENORES;2018;6;27;;(29 a 59) Adultez;1
27/06/2018;76;VALLE;76001;CALI;Miércoles;15:30:00;SAN PEDRO E3;URBANA;VIAS PUBLICAS;26;MASCULINO;UNION LIBRE;INDEPENDIENTE;ARTÍCULO 213 A. PROXENETISMO CON MENOR DE EDAD;2018;6;27;;(18 a 28) Juventud;1
28/06/2018;68;SANTANDER;68001;BUCARAMANGA;Jueves;12:00:00;LA CONCORDIA;URBANA;ALMACENES;46;MASCULINO;SOLTERO;COMERCIANTE;ARTÍCULO 217 A. DEMANDA DE EXPLOTACION SEXUAL COMERCIAL DE PERSONA MENOR DE 18 AÑOS DE EDAD;2018;6;28;;(29 a 59) Adultez;1
29/06/2018;76;VALLE;76001;CALI;Viernes;09:40:00;NUEVA FLORESTA E12;URBANA;LOCAL COMERCIAL;29;MASCULINO;SOLTERO;EMPLEADO PARTICULAR;ARTÍCULO 218. PORNOGRAFÍA CON MENORES;2018;6;29;;(29 a 59) Adultez;1
06/07/2018;19;CAUCA;19001;POPAYÁN;Viernes;08:30:00;VEREDA DE TORRES;RURAL;VIAS PUBLICAS;60;MASCULINO;UNION LIBRE;INDEPENDIENTE;ARTÍCULO 217 A. DEMANDA DE EXPLOTACION SEXUAL COMERCIAL DE PERSONA MENOR DE 18 AÑOS DE EDAD;2018;7;6;;(Más de 60) Adulto Mayor;1
10/07/2018;73;TOLIMA;73001;IBAGUÉ;Martes;17:18:00;CENTRO;URBANA;VIAS PUBLICAS;23;MASCULINO;SOLTERO;ESTUDIANTE;ARTÍCULO 218. PORNOGRAFÍA CON MENORES;2018;7;10;;(18 a 28) Juventud;1
11/07/2018;76;VALLE;76520;PALMIRA;Miércoles;18:50:00;VERSALLES;URBANA;VIAS PUBLICAS;53;MASCULINO;SOLTERO;DEPORTISTA;ARTÍCULO 218. PORNOGRAFÍA CON MENORES;2018;7;11;;(29 a 59) Adultez;1
11/07/2018;76;VALLE;76520;PALMIRA;Miércoles;18:50:00;VERSALLES;URBANA;VIAS PUBLICAS;53;MASCULINO;SOLTERO;INDEPENDIENTE;ARTÍCULO 218. PORNOGRAFÍA CON MENORES;2018;7;11;;(29 a 59) Adultez;1
13/07/2018;50;META;50001;VILLAVICENCIO;Viernes;13:18:00;CENTRO;URBANA;VIAS PUBLICAS;22;MASCULINO;SOLTERO;INDEPENDIENTE;ARTÍCULO 219 A. UTILIZACIÓN O FACILITACIÓN DE MEDIOS DE COMUNICACIÓN PARA OFRECER SERVICIOS SEXUALES DE MENORES;2018;7;13;;(18 a 28) Juventud;1
16/07/2018;19;CAUCA;19001;POPAYÁN;Lunes;08:00:00;VEREDA DE TORRES;RURAL;VIAS PUBLICAS;60;MASCULINO;UNION LIBRE;INDEPENDIENTE;ARTÍCULO 217 A. DEMANDA DE EXPLOTACION SEXUAL COMERCIAL DE PERSONA MENOR DE 18 AÑOS DE EDAD;2018;7;16;;(Más de 60) Adulto Mayor;1
17/07/2018;08;ATLÁNTICO;08001;BARRANQUILLA;Martes;17:50:00;EL GOLF;URBANA;VIAS PUBLICAS;15;MASCULINO;SOLTERO;DESEMPLEADO;LEY 1453. ARTÍCULO 93. EXPLOTACIÓN DE MENORES DE EDAD;2018;7;17;;(12 a 17) Adolescencia;1
19/07/2018;11;BOGOTÁ;11001;BOGOTÁ, D.C.;Jueves;19:00:00;LA VICTORIA E-4;URBANA;COLEGIOS, ESCUELAS;26;MASCULINO;SOLTERO;EMPLEADO PARTICULAR;ARTÍCULO 218. PORNOGRAFÍA CON MENORES;2018;7;19;;(18 a 28) Juventud;1
20/07/2018;17;CALDAS;17495;NORCASIA;Viernes;08:00:00;LAS BRISAS;URBANA;VIAS PUBLICAS;30;MASCULINO;SOLTERO;EMPLEADO PARTICULAR;ARTÍCULO 217 A. DEMANDA DE EXPLOTACION SEXUAL COMERCIAL DE PERSONA MENOR DE 18 AÑOS DE EDAD;2018;7;20;;(29 a 59) Adultez;1
25/07/2018;73;TOLIMA;73449;MELGAR;Miércoles;10:10:00;GALAN;URBANA;VIAS PUBLICAS;24;MASCULINO;SOLTERO;EMPLEADO PARTICULAR;ARTÍCULO 213 A. PROXENETISMO CON MENOR DE EDAD;2018;7;25;;(18 a 28) Juventud;1
25/07/2018;86;PUTUMAYO;86001;MOCOA;Miércoles;14:58:00;SAN AGUSTIN;URBANA;VIAS PUBLICAS;34;FEMENINO;SOLTERO;AMA DE CASA;ARTÍCULO 213 A. PROXENETISMO CON MENOR DE EDAD;2018;7;25;;(29 a 59) Adultez;1
25/07/2018;19;CAUCA;19807;TIMBÍO;Miércoles;18:00:00;SAN RAFAEL;URBANA;VIAS PUBLICAS;24;MASCULINO;SOLTERO;INDEPENDIENTE;ARTÍCULO 213 A. PROXENETISMO CON MENOR DE EDAD;2018;7;25;;(18 a 28) Juventud;1
25/07/2018;19;CAUCA;19807;TIMBÍO;Miércoles;18:00:00;SAN RAFAEL;URBANA;VIAS PUBLICAS;50;MASCULINO;UNION LIBRE;INDEPENDIENTE;ARTÍCULO 213 A. PROXENETISMO CON MENOR DE EDAD;2018;7;25;;(29 a 59) Adultez;1
29/07/2018;13;BOLÍVAR;13001;CARTAGENA;Domingo;06:30:00;CASTILLO GRANDE;URBANA;VIAS PUBLICAS;19;FEMENINO;UNION LIBRE;AMA DE CASA;ARTÍCULO 213 A. PROXENETISMO CON MENOR DE EDAD;2018;7;29;;(18 a 28) Juventud;1
29/07/2018;13;BOLÍVAR;13001;CARTAGENA;Domingo;06:30:00;CASTILLO GRANDE;URBANA;VIAS PUBLICAS;30;MASCULINO;SOLTERO;INDEPENDIENTE;ARTÍCULO 213 A. PROXENETISMO CON MENOR DE EDAD;2018;7;29;;(29 a 59) Adultez;1
29/07/2018;13;BOLÍVAR;13001;CARTAGENA;Domingo;06:30:00;CASTILLO GRANDE;URBANA;VIAS PUBLICAS;49;FEMENINO;UNION LIBRE;INDEPENDIENTE;ARTÍCULO 213 A. PROXENETISMO CON MENOR DE EDAD;2018;7;29;;(29 a 59) Adultez;1
29/07/2018;13;BOLÍVAR;13001;CARTAGENA;Domingo;06:30:00;CASTILLO GRANDE;URBANA;VIAS PUBLICAS;19;MASCULINO;SOLTERO;INDEPENDIENTE;ARTÍCULO 217 A. DEMANDA DE EXPLOTACION SEXUAL COMERCIAL DE PERSONA MENOR DE 18 AÑOS DE EDAD;2018;7;29;;(18 a 28) Juventud;1
29/07/2018;13;BOLÍVAR;13001;CARTAGENA;Domingo;06:30:00;CASTILLO GRANDE;URBANA;VIAS PUBLICAS;20;FEMENINO;UNION LIBRE;COMERCIANTE;ARTÍCULO 217 A. DEMANDA DE EXPLOTACION SEXUAL COMERCIAL DE PERSONA MENOR DE 18 AÑOS DE EDAD;2018;7;29;;(18 a 28) Juventud;1
29/07/2018;13;BOLÍVAR;13001;CARTAGENA;Domingo;06:30:00;CASTILLO GRANDE;URBANA;VIAS PUBLICAS;27;MASCULINO;SOLTERO;INDEPENDIENTE;ARTÍCULO 217 A. DEMANDA DE EXPLOTACION SEXUAL COMERCIAL DE PERSONA MENOR DE 18 AÑOS DE EDAD;2018;7;29;;(18 a 28) Juventud;1
29/07/2018;13;BOLÍVAR;13001;CARTAGENA;Domingo;06:30:00;CASTILLO GRANDE;URBANA;VIAS PUBLICAS;33;MASCULINO;CASADO;EMPLEADO EJERCITO;ARTÍCULO 217 A. DEMANDA DE EXPLOTACION SEXUAL COMERCIAL DE PERSONA MENOR DE 18 AÑOS DE EDAD;2018;7;29;;(29 a 59) Adultez;1
29/07/2018;13;BOLÍVAR;13001;CARTAGENA;Domingo;06:30:00;CASTILLO GRANDE;URBANA;VIAS PUBLICAS;35;MASCULINO;UNION LIBRE;EMPLEADO PARTICULAR;ARTÍCULO 217 A. DEMANDA DE EXPLOTACION SEXUAL COMERCIAL DE PERSONA MENOR DE 18 AÑOS DE EDAD;2018;7;29;;(29 a 59) Adultez;1
29/07/2018;13;BOLÍVAR;13001;CARTAGENA;Domingo;06:30:00;CASTILLO GRANDE;URBANA;VIAS PUBLICAS;23;MASCULINO;SOLTERO;INDEPENDIENTE;ARTÍCULO 217. ESTÍMULO A LA PROSTITUCIÓN DE MENORES;2018;7;29;;(18 a 28) Juventud;1
29/07/2018;13;BOLÍVAR;13001;CARTAGENA;Domingo;06:30:00;CASTILLO GRANDE;URBANA;VIAS PUBLICAS;25;FEMENINO;UNION LIBRE;INDEPENDIENTE;ARTÍCULO 217. ESTÍMULO A LA PROSTITUCIÓN DE MENORES;2018;7;29;;(18 a 28) Juventud;1
29/07/2018;13;BOLÍVAR;13001;CARTAGENA;Domingo;06:30:00;CASTILLO GRANDE;URBANA;VIAS PUBLICAS;27;MASCULINO;SOLTERO;INDEPENDIENTE;ARTÍCULO 217. ESTÍMULO A LA PROSTITUCIÓN DE MENORES;2018;7;29;;(18 a 28) Juventud;1
29/07/2018;13;BOLÍVAR;13001;CARTAGENA;Domingo;06:30:00;CASTILLO GRANDE;URBANA;VIAS PUBLICAS;29;MASCULINO;UNION LIBRE;INDEPENDIENTE;ARTÍCULO 217. ESTÍMULO A LA PROSTITUCIÓN DE MENORES;2018;7;29;;(29 a 59) Adultez;1
29/07/2018;13;BOLÍVAR;13001;CARTAGENA;Domingo;06:30:00;CASTILLO GRANDE;URBANA;VIAS PUBLICAS;39;FEMENINO;UNION LIBRE;INDEPENDIENTE;ARTÍCULO 217. ESTÍMULO A LA PROSTITUCIÓN DE MENORES;2018;7;29;;(29 a 59) Adultez;1
02/08/2018;63;QUINDÍO;63130;CALARCA;Jueves;06:10:00;ZONA CENTRO;URBANA;VIAS PUBLICAS;68;MASCULINO;SOLTERO;DESEMPLEADO;ARTÍCULO 218. PORNOGRAFÍA CON MENORES;2018;8;2;;(Más de 60) Adulto Mayor;1
05/08/2018;17;CALDAS;17174;CHINCHINÁ;Domingo;15:30:00;CENTRO;URBANA;HOTELES, RESIDENCIAS, Y SIMILARES.;66;FEMENINO;VIUDO;EMPLEADO PARTICULAR;ARTÍCULO 217 A. DEMANDA DE EXPLOTACION SEXUAL COMERCIAL DE PERSONA MENOR DE 18 AÑOS DE EDAD;2018;8;5;;(Más de 60) Adulto Mayor;1
05/08/2018;17;CALDAS;17174;CHINCHINÁ;Domingo;15:30:00;CENTRO;URBANA;HOTELES, RESIDENCIAS, Y SIMILARES.;74;MASCULINO;SOLTERO;EMPLEADO PARTICULAR;ARTÍCULO 217 A. DEMANDA DE EXPLOTACION SEXUAL COMERCIAL DE PERSONA MENOR DE 18 AÑOS DE EDAD;2018;8;5;;(Más de 60) Adulto Mayor;1
08/08/2018;66;RISARALDA;66594;QUINCHÍA;Miércoles;06:00:00;CENTRO;URBANA;CASAS DE HABITACION;41;FEMENINO;UNION LIBRE;COMERCIANTE;ARTÍCULO 213 A. PROXENETISMO CON MENOR DE EDAD;2018;8;8;;(29 a 59) Adultez;1
08/08/2018;66;RISARALDA;66594;QUINCHÍA;Miércoles;06:00:00;VEREDA LA CEIBA;RURAL;FINCAS Y SIMILARES;41;MASCULINO;SOLTERO;AGRICULTOR;ARTÍCULO 213 A. PROXENETISMO CON MENOR DE EDAD;2018;8;8;;(29 a 59) Adultez;1
08/08/2018;66;RISARALDA;66594;QUINCHÍA;Miércoles;07:00:00;CENTRO;URBANA;VIAS PUBLICAS;43;MASCULINO;SOLTERO;AGRICULTOR;ARTÍCULO 213 A. PROXENETISMO CON MENOR DE EDAD;2018;8;8;;(29 a 59) Adultez;1
08/08/2018;66;RISARALDA;66594;QUINCHÍA;Miércoles;07:00:00;MIRAFLORES;URBANA;VIAS PUBLICAS;48;MASCULINO;UNION LIBRE;COMERCIANTE;ARTÍCULO 213 A. PROXENETISMO CON MENOR DE EDAD;2018;8;8;;(29 a 59) Adultez;1
08/08/2018;66;RISARALDA;66594;QUINCHÍA;Miércoles;08:00:00;MIRAFLORES;URBANA;VIAS PUBLICAS;48;MASCULINO;UNION LIBRE;COMERCIANTE;ARTÍCULO 213 A. PROXENETISMO CON MENOR DE EDAD;2018;8;8;;(29 a 59) Adultez;1
08/08/2018;66;RISARALDA;66594;QUINCHÍA;Miércoles;08:00:00;MIRAFLORES;URBANA;VIAS PUBLICAS;56;MASCULINO;UNION LIBRE;COMERCIANTE;ARTÍCULO 213 A. PROXENETISMO CON MENOR DE EDAD;2018;8;8;;(29 a 59) Adultez;1
08/08/2018;66;RISARALDA;66594;QUINCHÍA;Miércoles;10:00:00;CAMILO TORRES;URBANA;VIAS PUBLICAS;57;MASCULINO;UNION LIBRE;COMERCIANTE;ARTÍCULO 213 A. PROXENETISMO CON MENOR DE EDAD;2018;8;8;;(29 a 59) Adultez;1
08/08/2018;66;RISARALDA;66594;QUINCHÍA;Miércoles;10:00:00;MIRAFLORES;URBANA;VIAS PUBLICAS;50;MASCULINO;SOLTERO;COMERCIANTE;ARTÍCULO 213 A. PROXENETISMO CON MENOR DE EDAD;2018;8;8;;(29 a 59) Adultez;1
08/08/2018;66;RISARALDA;66594;QUINCHÍA;Miércoles;10:00:00;RICAURTE;URBANA;CASAS DE HABITACION;51;MASCULINO;SOLTERO;EMPLEADO PARTICULAR;ARTÍCULO 213 A. PROXENETISMO CON MENOR DE EDAD;2018;8;8;;(29 a 59) Adultez;1
08/08/2018;66;RISARALDA;66594;QUINCHÍA;Miércoles;11:00:00;RICAURTE;URBANA;VIAS PUBLICAS;52;MASCULINO;UNION LIBRE;AGRICULTOR;ARTÍCULO 213 A. PROXENETISMO CON MENOR DE EDAD;2018;8;8;;(29 a 59) Adultez;1
08/08/2018;44;LA GUAJIRA;44001;RIOHACHA;Miércoles;19:46:00;SECTOR VALLE DE LOS CANGREJOS;URBANA;PLAYA;20;MASCULINO;SOLTERO;INDEPENDIENTE;ARTÍCULO 217 A. DEMANDA DE EXPLOTACION SEXUAL COMERCIAL DE PERSONA MENOR DE 18 AÑOS DE EDAD;2018;8;8;;(18 a 28) Juventud;1
09/08/2018;17;CALDAS;17653;SALAMINA;Jueves;16:00:00;SECTOR GALERIAS;URBANA;VIAS PUBLICAS;25;MASCULINO;UNION LIBRE;INDEPENDIENTE;ARTÍCULO 217 A. DEMANDA DE EXPLOTACION SEXUAL COMERCIAL DE PERSONA MENOR DE 18 AÑOS DE EDAD;2018;8;9;;(18 a 28) Juventud;1
14/08/2018;05;ANTIOQUIA;05893;YONDÓ;Martes;15:30:00;EL PARAISO;URBANA;VIAS PUBLICAS;18;MASCULINO;SOLTERO;EMPLEADO PARTICULAR;ARTÍCULO 218. PORNOGRAFÍA CON MENORES;2018;8;14;;(18 a 28) Juventud;1
17/08/2018;15;BOYACÁ;15238;DUITAMA;Viernes;07:50:00;BARRIO LAS LAJAS;URBANA;LOCAL COMERCIAL;36;MASCULINO;SOLTERO;EMPLEADO PARTICULAR;ARTÍCULO 218. PORNOGRAFÍA CON MENORES;2018;8;17;;(29 a 59) Adultez;1
17/08/2018;73;TOLIMA;73001;IBAGUÉ;Viernes;08:10:00;AGUA MARINA;URBANA;LOCAL COMERCIAL;29;MASCULINO;SOLTERO;DESEMPLEADO;ARTÍCULO 218. PORNOGRAFÍA CON MENORES;2018;8;17;;(29 a 59) Adultez;1
17/08/2018;54;NORTE DE SANTANDER;54385;LA ESPERANZA;Viernes;10:50:00;VEREDA PLAYONCITOS;URBANA;LOCAL COMERCIAL;44;MASCULINO;SOLTERO;EMPLEADO PARTICULAR;ARTÍCULO 218. PORNOGRAFÍA CON MENORES;2018;8;17;;(29 a 59) Adultez;1
17/08/2018;11;BOGOTÁ;11001;BOGOTÁ, D.C.;Viernes;13:10:00;SANTA LUCIA E-18;URBANA;LOCAL COMERCIAL;29;MASCULINO;SOLTERO;EMPLEADO PARTICULAR;ARTÍCULO 218. PORNOGRAFÍA CON MENORES;2018;8;17;;(29 a 59) Adultez;1
19/08/2018;99;VICHADA;99001;PUERTO CARREÑO;Domingo;09:47:00;ACACIAS;URBANA;CARCELES;31;FEMENINO;UNION LIBRE;INDEPENDIENTE;ARTÍCULO 213 A. PROXENETISMO CON MENOR DE EDAD;2018;8;19;;(29 a 59) Adultez;1
22/08/2018;23;CÓRDOBA;23001;MONTERÍA;Miércoles;18:24:00;EL PARAISO;URBANA;VIAS PUBLICAS;37;FEMENINO;UNION LIBRE;INDEPENDIENTE;ARTÍCULO 213 A. PROXENETISMO CON MENOR DE EDAD;2018;8;22;;(29 a 59) Adultez;1
24/08/2018;95;GUAVIARE;95001;SAN JOSÉ DEL GUAVIARE;Viernes;14:00:00;VEREDA EL CAPRICHO;RURAL;VIAS PUBLICAS;17;MASCULINO;SOLTERO;INDEPENDIENTE;ARTÍCULO 218. PORNOGRAFÍA CON MENORES;2018;8;24;;(12 a 17) Adolescencia;1
24/08/2018;95;GUAVIARE;95001;SAN JOSÉ DEL GUAVIARE;Viernes;14:00:00;VEREDA EL CAPRICHO;RURAL;VIAS PUBLICAS;19;MASCULINO;SOLTERO;INDEPENDIENTE;ARTÍCULO 218. PORNOGRAFÍA CON MENORES;2018;8;24;;(18 a 28) Juventud;1
26/08/2018;73;TOLIMA;73624;ROVIRA;Domingo;10:35:00;MIRAFLORES;URBANA;VIAS PUBLICAS;45;FEMENINO;UNION LIBRE;DESEMPLEADO;ARTÍCULO 214. CONSTREÑIMIENTO A LA PROSTITUCIÓN;2018;8;26;;(29 a 59) Adultez;1
27/08/2018;11;BOGOTÁ;11001;BOGOTÁ, D.C.;Lunes;08:05:00;JUAN XXIII E-12;URBANA;CASAS DE HABITACION;27;MASCULINO;SOLTERO;DESEMPLEADO;ARTÍCULO 218. PORNOGRAFÍA CON MENORES;2018;8;27;;(18 a 28) Juventud;1
27/08/2018;81;ARAUCA;81001;ARAUCA;Lunes;08:13:00;LA ESPERANZA;URBANA;VIAS PUBLICAS;62;MASCULINO;SOLTERO;EMPLEADO PARTICULAR;ARTÍCULO 218. PORNOGRAFÍA CON MENORES;2018;8;27;;(Más de 60) Adulto Mayor;1
29/08/2018;47;MAGDALENA;47960;ZAPAYÁN;Miércoles;16:15:00;PUNTA DE PIEDRA;URBANA;VIAS PUBLICAS;41;FEMENINO;UNION LIBRE;AMA DE CASA;ARTÍCULO 214. CONSTREÑIMIENTO A LA PROSTITUCIÓN;2018;8;29;;(29 a 59) Adultez;1
29/08/2018;47;MAGDALENA;47960;ZAPAYÁN;Miércoles;16:15:00;PUNTA DE PIEDRA;URBANA;VIAS PUBLICAS;54;FEMENINO;UNION LIBRE;AMA DE CASA;ARTÍCULO 217. ESTÍMULO A LA PROSTITUCIÓN DE MENORES;2018;8;29;;(29 a 59) Adultez;1
30/08/2018;73;TOLIMA;73001;IBAGUÉ;Jueves;16:05:00;EL LIMONAR;URBANA;VIAS PUBLICAS;22;MASCULINO;SOLTERO;EMPLEADO PARTICULAR;ARTÍCULO 217 A. DEMANDA DE EXPLOTACION SEXUAL COMERCIAL DE PERSONA MENOR DE 18 AÑOS DE EDAD;2018;8;30;;(18 a 28) Juventud;1
31/08/2018;54;NORTE DE SANTANDER;54003;ABREGO;Viernes;11:22:00;BARRIO BOLIVAR;URBANA;VIAS PUBLICAS;19;MASCULINO;SOLTERO;DESEMPLEADO;ARTÍCULO 218. PORNOGRAFÍA CON MENORES;2018;8;31;;(18 a 28) Juventud;1
31/08/2018;70;SUCRE;70823;TOLÚ VIEJO;Viernes;18:00:00;SECTOR VIA A SAN ONOFRE;RURAL;VIAS PUBLICAS;20;MASCULINO;SOLTERO;EMPLEADO PARTICULAR;ARTÍCULO 219 A. UTILIZACIÓN O FACILITACIÓN DE MEDIOS DE COMUNICACIÓN PARA OFRECER SERVICIOS SEXUALES DE MENORES;2018;8;31;;(18 a 28) Juventud;1
01/09/2018;05;ANTIOQUIA;05282;FREDONIA;Sábado;04:00:00;SANTANDER;URBANA;VIAS PUBLICAS;16;FEMENINO;SOLTERO;ESTUDIANTE;ARTÍCULO 217 A. DEMANDA DE EXPLOTACION SEXUAL COMERCIAL DE PERSONA MENOR DE 18 AÑOS DE EDAD;2018;9;1;;(12 a 17) Adolescencia;1
01/09/2018;05;ANTIOQUIA;05282;FREDONIA;Sábado;04:00:00;SANTANDER;URBANA;VIAS PUBLICAS;33;MASCULINO;SOLTERO;INDEPENDIENTE;ARTÍCULO 217 A. DEMANDA DE EXPLOTACION SEXUAL COMERCIAL DE PERSONA MENOR DE 18 AÑOS DE EDAD;2018;9;1;;(29 a 59) Adultez;2
01/09/2018;05;ANTIOQUIA;05282;FREDONIA;Sábado;04:00:00;SANTANDER;URBANA;VIAS PUBLICAS;44;MASCULINO;SOLTERO;COMERCIANTE;ARTÍCULO 217 A. DEMANDA DE EXPLOTACION SEXUAL COMERCIAL DE PERSONA MENOR DE 18 AÑOS DE EDAD;2018;9;1;;(29 a 59) Adultez;1
01/09/2018;05;ANTIOQUIA;05282;FREDONIA;Sábado;04:00:00;SANTANDER;URBANA;VIAS PUBLICAS;53;MASCULINO;SOLTERO;DESEMPLEADO;ARTÍCULO 217 A. DEMANDA DE EXPLOTACION SEXUAL COMERCIAL DE PERSONA MENOR DE 18 AÑOS DE EDAD;2018;9;1;;(29 a 59) Adultez;1
01/09/2018;05;ANTIOQUIA;05282;FREDONIA;Sábado;04:00:00;SANTANDER;URBANA;VIAS PUBLICAS;53;MASCULINO;SOLTERO;INDEPENDIENTE;ARTÍCULO 217 A. DEMANDA DE EXPLOTACION SEXUAL COMERCIAL DE PERSONA MENOR DE 18 AÑOS DE EDAD;2018;9;1;;(29 a 59) Adultez;1
01/09/2018;05;ANTIOQUIA;05282;FREDONIA;Sábado;04:00:00;SANTANDER;URBANA;VIAS PUBLICAS;54;MASCULINO;SOLTERO;INDEPENDIENTE;ARTÍCULO 217 A. DEMANDA DE EXPLOTACION SEXUAL COMERCIAL DE PERSONA MENOR DE 18 AÑOS DE EDAD;2018;9;1;;(29 a 59) Adultez;1
01/09/2018;05;ANTIOQUIA;05282;FREDONIA;Sábado;04:00:00;SANTANDER;URBANA;VIAS PUBLICAS;55;MASCULINO;SOLTERO;INDEPENDIENTE;ARTÍCULO 217 A. DEMANDA DE EXPLOTACION SEXUAL COMERCIAL DE PERSONA MENOR DE 18 AÑOS DE EDAD;2018;9;1;;(29 a 59) Adultez;1
01/09/2018;05;ANTIOQUIA;05282;FREDONIA;Sábado;04:00:00;SANTANDER;URBANA;VIAS PUBLICAS;58;MASCULINO;SOLTERO;COMERCIANTE;ARTÍCULO 217 A. DEMANDA DE EXPLOTACION SEXUAL COMERCIAL DE PERSONA MENOR DE 18 AÑOS DE EDAD;2018;9;1;;(29 a 59) Adultez;1
01/09/2018;05;ANTIOQUIA;05282;FREDONIA;Sábado;04:00:00;SANTANDER;URBANA;VIAS PUBLICAS;62;MASCULINO;SOLTERO;INDEPENDIENTE;ARTÍCULO 217 A. DEMANDA DE EXPLOTACION SEXUAL COMERCIAL DE PERSONA MENOR DE 18 AÑOS DE EDAD;2018;9;1;;(Más de 60) Adulto Mayor;1
01/09/2018;05;ANTIOQUIA;05282;FREDONIA;Sábado;04:00:00;SANTANDER;URBANA;VIAS PUBLICAS;70;MASCULINO;DIVORCIADO;INDEPENDIENTE;ARTÍCULO 217 A. DEMANDA DE EXPLOTACION SEXUAL COMERCIAL DE PERSONA MENOR DE 18 AÑOS DE EDAD;2018;9;1;;(Más de 60) Adulto Mayor;1
01/09/2018;05;ANTIOQUIA;05282;FREDONIA;Sábado;04:00:00;SANTANDER;URBANA;VIAS PUBLICAS;84;MASCULINO;CASADO;INDEPENDIENTE;ARTÍCULO 217 A. DEMANDA DE EXPLOTACION SEXUAL COMERCIAL DE PERSONA MENOR DE 18 AÑOS DE EDAD;2018;9;1;;(Más de 60) Adulto Mayor;1
01/09/2018;41;HUILA;41551;PITALITO;Sábado;19:00:00;TRINIDAD;URBANA;VIAS PUBLICAS;28;MASCULINO;UNION LIBRE;DESEMPLEADO;ARTÍCULO 213. INDUCCIÓN A LA PROSTITUCIÓN;2018;9;1;;(18 a 28) Juventud;1
01/09/2018;17;CALDAS;17873;VILLAMARÍA;Sábado;19:10:00;CENTRO;URBANA;CASAS DE HABITACION;34;MASCULINO;SOLTERO;COMERCIANTE;ARTÍCULO 213 A. PROXENETISMO CON MENOR DE EDAD;2018;9;1;;(29 a 59) Adultez;1
04/09/2018;70;SUCRE;70670;SAMPUÉS;Martes;08:15:00;CENTRO;URBANA;VIAS PUBLICAS;23;FEMENINO;SOLTERO;EMPLEADO PARTICULAR;ARTÍCULO 213 A. PROXENETISMO CON MENOR DE EDAD;2018;9;4;;(18 a 28) Juventud;1
04/09/2018;70;SUCRE;70670;SAMPUÉS;Martes;08:15:00;CENTRO;URBANA;VIAS PUBLICAS;70;MASCULINO;SOLTERO;EMPLEADO PARTICULAR;ARTÍCULO 213 A. PROXENETISMO CON MENOR DE EDAD;2018;9;4;;(Más de 60) Adulto Mayor;1
06/09/2018;19;CAUCA;19698;SANTANDER DE QUILICHAO;Jueves;15:35:00;CENTRO;URBANA;CASAS DE HABITACION;46;MASCULINO;SOLTERO;EMPLEADO PUBLICO;ARTÍCULO 213. INDUCCIÓN A LA PROSTITUCIÓN;2018;9;6;;(29 a 59) Adultez;1
07/09/2018;81;ARAUCA;81001;ARAUCA;Viernes;21:30:00;CORDOBA;URBANA;VIAS PUBLICAS;56;MASCULINO;UNION LIBRE;INDEPENDIENTE;ARTÍCULO 213 A. PROXENETISMO CON MENOR DE EDAD;2018;9;7;;(29 a 59) Adultez;1
12/09/2018;13;BOLÍVAR;13001;CARTAGENA;Miércoles;07:39:00;CANAPOTE;URBANA;VIAS PUBLICAS;53;MASCULINO;SOLTERO;DESEMPLEADO;ARTÍCULO 218. PORNOGRAFÍA CON MENORES;2018;9;12;;(29 a 59) Adultez;1
14/09/2018;76;VALLE;76001;CALI;Viernes;10:30:00;OLIMPICO E10;URBANA;VIAS PUBLICAS;38;MASCULINO;CASADO;EMPLEADO PARTICULAR;ARTÍCULO 218. PORNOGRAFÍA CON MENORES;2018;9;14;;(29 a 59) Adultez;1
16/09/2018;54;NORTE DE SANTANDER;54874;VILLA DEL ROSARIO;Domingo;06:50:00;SITIO LA CASONA;URBANA;VIAS PUBLICAS;51;MASCULINO;UNION LIBRE;INDEPENDIENTE;ARTÍCULO 217 A. DEMANDA DE EXPLOTACION SEXUAL COMERCIAL DE PERSONA MENOR DE 18 AÑOS DE EDAD;2018;9;16;;(29 a 59) Adultez;1
20/09/2018;05;ANTIOQUIA;05001;MEDELLÍN;Jueves;16:30:00;SANTO DOMINGO  1 C-1;URBANA;VIAS PUBLICAS;27;MASCULINO;UNION LIBRE;EMPLEADO PARTICULAR;ARTÍCULO 217 A. DEMANDA DE EXPLOTACION SEXUAL COMERCIAL DE PERSONA MENOR DE 18 AÑOS DE EDAD;2018;9;20;;(18 a 28) Juventud;1
21/09/2018;54;NORTE DE SANTANDER;54874;VILLA DEL ROSARIO;Viernes;17:50:00;VEREDA MORICHAL;URBANA;CASAS DE HABITACION;62;MASCULINO;SOLTERO;EMPLEADO PARTICULAR;ARTÍCULO 218. PORNOGRAFÍA CON MENORES;2018;9;21;;(Más de 60) Adulto Mayor;1
25/09/2018;13;BOLÍVAR;13001;CARTAGENA;Martes;06:30:00;SANTA MARIA;URBANA;DENTRO DE LA VIVIENDA;67;MASCULINO;SOLTERO;EMPLEADO CTI;ARTÍCULO 217 A. DEMANDA DE EXPLOTACION SEXUAL COMERCIAL DE PERSONA MENOR DE 18 AÑOS DE EDAD;2018;9;25;;(Más de 60) Adulto Mayor;1
26/09/2018;05;ANTIOQUIA;05585;PUERTO NARE;Miércoles;18:30:00;CGTO. LA SIERRA;URBANA;VIAS PUBLICAS;61;MASCULINO;SOLTERO;EMPLEADO PARTICULAR;ARTÍCULO 217 A. DEMANDA DE EXPLOTACION SEXUAL COMERCIAL DE PERSONA MENOR DE 18 AÑOS DE EDAD;2018;9;26;;(Más de 60) Adulto Mayor;1
29/09/2018;66;RISARALDA;66001;PEREIRA;Sábado;20:00:00;PERLA DEL SUR;URBANA;VIAS PUBLICAS;39;FEMENINO;DIVORCIADO;EMPLEADO PARTICULAR;ARTÍCULO 218. PORNOGRAFÍA CON MENORES;2018;9;29;;(29 a 59) Adultez;1
01/10/2018;76;VALLE;76001;CALI;Lunes;09:00:00;DIAMANTE E13;URBANA;VIAS PUBLICAS;59;MASCULINO;UNION LIBRE;EMPLEADO PARTICULAR;ARTÍCULO 217 A. DEMANDA DE EXPLOTACION SEXUAL COMERCIAL DE PERSONA MENOR DE 18 AÑOS DE EDAD;2018;10;1;;(29 a 59) Adultez;1
02/10/2018;11;BOGOTÁ;11001;BOGOTÁ, D.C.;Martes;11:20:00;LA ESTACIÓN E-7;URBANA;VIAS PUBLICAS;35;MASCULINO;SOLTERO;EMPLEADO PARTICULAR;ARTÍCULO 218. PORNOGRAFÍA CON MENORES;2018;10;2;;(29 a 59) Adultez;1
03/10/2018;23;CÓRDOBA;23807;TIERRALTA;Miércoles;11:05:00;CENTRO;URBANA;VIAS PUBLICAS;27;MASCULINO;SOLTERO;COMERCIANTE;ARTÍCULO 218. PORNOGRAFÍA CON MENORES;2018;10;3;;(18 a 28) Juventud;1
03/10/2018;52;NARIÑO;52001;PASTO;Miércoles;21:40:00;CAICEDO ALTO;URBANA;CASAS DE HABITACION;26;MASCULINO;SOLTERO;EMPLEADO PARTICULAR;ARTÍCULO 218. PORNOGRAFÍA CON MENORES;2018;10;3;;(18 a 28) Juventud;1
09/10/2018;11;BOGOTÁ;11001;BOGOTÁ, D.C.;Martes;14:30:00;BOSA CENTRO E-7;URBANA;VIAS PUBLICAS;50;MASCULINO;SOLTERO;INDEPENDIENTE;ARTÍCULO 219 A. UTILIZACIÓN O FACILITACIÓN DE MEDIOS DE COMUNICACIÓN PARA OFRECER SERVICIOS SEXUALES DE MENORES;2018;10;9;;(29 a 59) Adultez;1
12/10/2018;76;VALLE;76001;CALI;Viernes;16:30:00;LOS LIBERTADORES E3;URBANA;VIAS PUBLICAS;56;MASCULINO;SOLTERO;EMPLEADO PARTICULAR;ARTÍCULO 217 A. DEMANDA DE EXPLOTACION SEXUAL COMERCIAL DE PERSONA MENOR DE 18 AÑOS DE EDAD;2018;10;12;;(29 a 59) Adultez;1
16/10/2018;08;ATLÁNTICO;08001;BARRANQUILLA;Martes;11:44:00;LOS ANDES;URBANA;CASAS DE HABITACION;46;MASCULINO;SOLTERO;INDEPENDIENTE;ARTÍCULO 214. CONSTREÑIMIENTO A LA PROSTITUCIÓN;2018;10;16;;(29 a 59) Adultez;1
21/10/2018;76;VALLE;76250;EL DOVIO;Domingo;16:30:00;NICOLAS BORRERO OLANO;URBANA;CASAS DE HABITACION;37;MASCULINO;SOLTERO;EMPLEADO PARTICULAR;ARTÍCULO 217 A. DEMANDA DE EXPLOTACION SEXUAL COMERCIAL DE PERSONA MENOR DE 18 AÑOS DE EDAD;2018;10;21;;(29 a 59) Adultez;1
25/10/2018;47;MAGDALENA;47189;CIÉNAGA;Jueves;08:00:00;FLORESTA;URBANA;VIAS PUBLICAS;36;MASCULINO;SOLTERO;INDEPENDIENTE;LEY 1453. ARTÍCULO 93. EXPLOTACIÓN DE MENORES DE EDAD;2018;10;25;;(29 a 59) Adultez;1
27/10/2018;18;CAQUETÁ;18001;FLORENCIA;Sábado;11:00:00;PUEBLO NUEVO;URBANA;VIAS PUBLICAS;36;MASCULINO;CASADO;INDEPENDIENTE;ARTÍCULO 218. PORNOGRAFÍA CON MENORES;2018;10;27;;(29 a 59) Adultez;1
30/10/2018;68;SANTANDER;68547;PIEDECUESTA;Martes;14:09:00;SAN LUIS;URBANA;CASAS DE HABITACION;27;MASCULINO;SOLTERO;EMPLEADO PARTICULAR;ARTÍCULO 217 A. DEMANDA DE EXPLOTACION SEXUAL COMERCIAL DE PERSONA MENOR DE 18 AÑOS DE EDAD;2018;10;30;;(18 a 28) Juventud;1
11/01/2019;66;RISARALDA;66594;QUINCHÍA;Viernes;16:40:00;CORREGIMIENTO NARANJAL;RURAL;VIAS PUBLICAS;56;MASCULINO;SOLTERO;EDUCADOR;ARTÍCULO 213 A. PROXENETISMO CON MENOR DE EDAD;2019;1;11;;(29 a 59) Adultez;1
22/01/2019;76;VALLE;76834;TULUÁ;Martes;08:49:00;Bosques de Maracaibo;URBANA;VIAS PUBLICAS;22;MASCULINO;SOLTERO;EMPLEADO PARTICULAR;LEY 1453. ARTÍCULO 93. EXPLOTACIÓN DE MENORES DE EDAD;2019;1;22;;(18 a 28) Juventud;1
22/01/2019;23;CÓRDOBA;23001;MONTERÍA;Martes;11:10:00;CASERIO KILOMETRO 12;RURAL;VIAS PUBLICAS;24;FEMENINO;UNION LIBRE;AMA DE CASA;ARTÍCULO 213. INDUCCIÓN A LA PROSTITUCIÓN;2019;1;22;;(18 a 28) Juventud;1
23/01/2019;05;ANTIOQUIA;05440;MARINILLA;Miércoles;08:30:00;CAMPO ALEGRE;URBANA;VIAS PUBLICAS;20;FEMENINO;SOLTERO;INDEPENDIENTE;ARTÍCULO 213 A. PROXENETISMO CON MENOR DE EDAD;2019;1;23;;(18 a 28) Juventud;1
23/01/2019;05;ANTIOQUIA;05440;MARINILLA;Miércoles;08:30:00;CAMPO ALEGRE;URBANA;VIAS PUBLICAS;24;FEMENINO;SOLTERO;INDEPENDIENTE;ARTÍCULO 213 A. PROXENETISMO CON MENOR DE EDAD;2019;1;23;;(18 a 28) Juventud;1
23/01/2019;05;ANTIOQUIA;05440;MARINILLA;Miércoles;08:30:00;CAMPO ALEGRE;URBANA;VIAS PUBLICAS;69;MASCULINO;SOLTERO;INDEPENDIENTE;ARTÍCULO 217 A. DEMANDA DE EXPLOTACION SEXUAL COMERCIAL DE PERSONA MENOR DE 18 AÑOS DE EDAD;2019;1;23;;(Más de 60) Adulto Mayor;1
24/01/2019;23;CÓRDOBA;23660;SAHAGÚN;Jueves;18:45:00;EL CENTRO;URBANA;VIAS PUBLICAS;58;MASCULINO;UNION LIBRE;INDEPENDIENTE;ARTÍCULO 213 A. PROXENETISMO CON MENOR DE EDAD;2019;1;24;;(29 a 59) Adultez;1
27/01/2019;05;ANTIOQUIA;05172;CHIGORODÓ;Domingo;20:10:00;BRISAS DE URABA;URBANA;VIAS PUBLICAS;29;MASCULINO;SOLTERO;EMPLEADO PARTICULAR;ARTÍCULO 217 A. DEMANDA DE EXPLOTACION SEXUAL COMERCIAL DE PERSONA MENOR DE 18 AÑOS DE EDAD;2019;1;27;;(29 a 59) Adultez;1
02/02/2019;05;ANTIOQUIA;05360;ITAGUI;Sábado;07:00:00;FERRARA;URBANA;VIAS PUBLICAS;19;MASCULINO;SOLTERO;ESTUDIANTE;ARTÍCULO 219 A. UTILIZACIÓN O FACILITACIÓN DE MEDIOS DE COMUNICACIÓN PARA OFRECER SERVICIOS SEXUALES DE MENORES;2019;2;2;;(18 a 28) Juventud;1
05/02/2019;13;BOLÍVAR;13468;MOMPÓS;Martes;17:00:00;SECTOR CALLE PINTO;URBANA;VIAS PUBLICAS;30;MASCULINO;SOLTERO;INDEPENDIENTE;ARTÍCULO 218. PORNOGRAFÍA CON MENORES;2019;2;5;;(29 a 59) Adultez;1
11/02/2019;41;HUILA;41530;PALESTINA;Lunes;17:00:00;CENTRO;URBANA;VIAS PUBLICAS;20;MASCULINO;UNION LIBRE;EMPLEADO PARTICULAR;ARTÍCULO 218. PORNOGRAFÍA CON MENORES;2019;2;11;;(18 a 28) Juventud;1
12/02/2019;91;AMAZONAS;91540;PUERTO NARIÑO;Martes;11:25:00;CENTRO (Pto. Nariño);RURAL;VIAS PUBLICAS;62;MASCULINO;SOLTERO;INDEPENDIENTE;ARTÍCULO 217 A. DEMANDA DE EXPLOTACION SEXUAL COMERCIAL DE PERSONA MENOR DE 18 AÑOS DE EDAD;2019;2;12;;(Más de 60) Adulto Mayor;1
13/02/2019;11;BOGOTÁ;11001;BOGOTÁ, D.C.;Miércoles;19:36:00;LA ASUNCION E-16;URBANA;ESTABLECIMIENTO DE COMERCIO;25;MASCULINO;SOLTERO;EMPLEADO PARTICULAR;ARTÍCULO 218. PORNOGRAFÍA CON MENORES;2019;2;13;;(18 a 28) Juventud;1
24/02/2019;66;RISARALDA;66594;QUINCHÍA;Domingo;17:30:00;CORREGIMIENTO NARANJAL;RURAL;VIAS PUBLICAS;39;FEMENINO;UNION LIBRE;AGRICULTOR;ARTÍCULO 213 A. PROXENETISMO CON MENOR DE EDAD;2019;2;24;;(29 a 59) Adultez;1
24/02/2019;66;RISARALDA;66594;QUINCHÍA;Domingo;17:30:00;CORREGIMIENTO NARANJAL;RURAL;VIAS PUBLICAS;69;MASCULINO;UNION LIBRE;AGRICULTOR;ARTÍCULO 217 A. DEMANDA DE EXPLOTACION SEXUAL COMERCIAL DE PERSONA MENOR DE 18 AÑOS DE EDAD;2019;2;24;;(Más de 60) Adulto Mayor;1
24/02/2019;13;BOLÍVAR;13001;CARTAGENA;Domingo;18:40:00;ESPAÑA;URBANA;VIAS PUBLICAS;31;FEMENINO;UNION LIBRE;EMPLEADO PARTICULAR;ARTÍCULO 213 A. PROXENETISMO CON MENOR DE EDAD;2019;2;24;;(29 a 59) Adultez;1
25/02/2019;05;ANTIOQUIA;05001;MEDELLÍN;Lunes;06:00:00;LA ALPUJARRA C-10;URBANA;VIAS PUBLICAS;20;MASCULINO;SOLTERO;DESEMPLEADO;ARTÍCULO 218. PORNOGRAFÍA CON MENORES;2019;2;25;;(18 a 28) Juventud;1
25/02/2019;05;ANTIOQUIA;05001;MEDELLÍN;Lunes;06:00:00;LA ALPUJARRA C-10;URBANA;VIAS PUBLICAS;23;MASCULINO;SOLTERO;DESEMPLEADO;ARTÍCULO 218. PORNOGRAFÍA CON MENORES;2019;2;25;;(18 a 28) Juventud;1
25/02/2019;05;ANTIOQUIA;05001;MEDELLÍN;Lunes;06:00:00;LA ALPUJARRA C-10;URBANA;VIAS PUBLICAS;29;MASCULINO;SOLTERO;DESEMPLEADO;ARTÍCULO 218. PORNOGRAFÍA CON MENORES;2019;2;25;;(29 a 59) Adultez;1
25/02/2019;05;ANTIOQUIA;05001;MEDELLÍN;Lunes;06:00:00;LA ALPUJARRA C-10;URBANA;VIAS PUBLICAS;30;MASCULINO;SOLTERO;DESEMPLEADO;ARTÍCULO 218. PORNOGRAFÍA CON MENORES;2019;2;25;;(29 a 59) Adultez;1
25/02/2019;05;ANTIOQUIA;05001;MEDELLÍN;Lunes;06:00:00;LA ALPUJARRA C-10;URBANA;VIAS PUBLICAS;39;MASCULINO;UNION LIBRE;DESEMPLEADO;ARTÍCULO 218. PORNOGRAFÍA CON MENORES;2019;2;25;;(29 a 59) Adultez;1
26/02/2019;23;CÓRDOBA;23001;MONTERÍA;Martes;17:50:00;EL CENTRO;URBANA;VIAS PUBLICAS;33;MASCULINO;SOLTERO;INDEPENDIENTE;ARTÍCULO 217 A. DEMANDA DE EXPLOTACION SEXUAL COMERCIAL DE PERSONA MENOR DE 18 AÑOS DE EDAD;2019;2;26;;(29 a 59) Adultez;1
28/02/2019;05;ANTIOQUIA;05364;JARDÍN;Jueves;08:00:00;PARQUE PRINCIPAL;URBANA;VIAS PUBLICAS;31;FEMENINO;UNION LIBRE;COMERCIANTE;ARTÍCULO 213. INDUCCIÓN A LA PROSTITUCIÓN;2019;2;28;;(29 a 59) Adultez;1
02/03/2019;50;META;50313;GRANADA;Sábado;09:10:00;BARRIO VILLA DE BOCA MONTE;URBANA;VIAS PUBLICAS;36;FEMENINO;UNION LIBRE;INDEPENDIENTE;ARTÍCULO 213 A. PROXENETISMO CON MENOR DE EDAD;2019;3;2;;(29 a 59) Adultez;1
04/03/2019;05;ANTIOQUIA;05001;MEDELLÍN;Lunes;22:55:00;CASTILLA C-5;URBANA;VIAS PUBLICAS;22;MASCULINO;SOLTERO;DESEMPLEADO;ARTÍCULO 213 A. PROXENETISMO CON MENOR DE EDAD;2019;3;4;;(18 a 28) Juventud;1
04/03/2019;05;ANTIOQUIA;05001;MEDELLÍN;Lunes;22:55:00;CASTILLA C-5;URBANA;VIAS PUBLICAS;57;FEMENINO;VIUDO;EMPLEADO PARTICULAR;ARTÍCULO 217. ESTÍMULO A LA PROSTITUCIÓN DE MENORES;2019;3;4;;(29 a 59) Adultez;1
04/03/2019;05;ANTIOQUIA;05001;MEDELLÍN;Lunes;22:55:00;CASTILLA C-5;URBANA;VIAS PUBLICAS;60;MASCULINO;SOLTERO;EMPLEADO PUBLICO;ARTÍCULO 217. ESTÍMULO A LA PROSTITUCIÓN DE MENORES;2019;3;4;;(Más de 60) Adulto Mayor;1
05/03/2019;13;BOLÍVAR;13001;CARTAGENA;Martes;10:10:00;JOSE A. GALAN;URBANA;VIAS PUBLICAS;37;MASCULINO;SOLTERO;EMPLEADO PARTICULAR;ARTÍCULO 217 A. DEMANDA DE EXPLOTACION SEXUAL COMERCIAL DE PERSONA MENOR DE 18 AÑOS DE EDAD;2019;3;5;;(29 a 59) Adultez;1
06/03/2019;76;VALLE;76001;CALI;Miércoles;08:50:00;MARACAIBO E11;URBANA;VIAS PUBLICAS;30;FEMENINO;SOLTERO;EMPLEADO PARTICULAR;ARTÍCULO 214. CONSTREÑIMIENTO A LA PROSTITUCIÓN;2019;3;6;;(29 a 59) Adultez;1
07/03/2019;05;ANTIOQUIA;05001;MEDELLÍN;Jueves;04:50:00;VEINTE DE JULIO C-13;URBANA;VIAS PUBLICAS;24;MASCULINO;SOLTERO;ESTUDIANTE;ARTÍCULO 218. PORNOGRAFÍA CON MENORES;2019;3;7;;(18 a 28) Juventud;1
08/03/2019;13;BOLÍVAR;13001;CARTAGENA;Viernes;18:35:00;CANAPOTE;URBANA;VIAS PUBLICAS;39;MASCULINO;SOLTERO;EMPLEADO PARTICULAR;ARTÍCULO 217 A. DEMANDA DE EXPLOTACION SEXUAL COMERCIAL DE PERSONA MENOR DE 18 AÑOS DE EDAD;2019;3;8;;(29 a 59) Adultez;1
09/03/2019;08;ATLÁNTICO;08573;PUERTO COLOMBIA;Sábado;04:50:00;EL ANCIA;URBANA;CASAS DE HABITACION;51;MASCULINO;SOLTERO;INDEPENDIENTE;ARTÍCULO 217 A. DEMANDA DE EXPLOTACION SEXUAL COMERCIAL DE PERSONA MENOR DE 18 AÑOS DE EDAD;2019;3;9;;(29 a 59) Adultez;1
12/03/2019;23;CÓRDOBA;23001;MONTERÍA;Martes;07:35:00;VEREDA MARTINICA;RURAL;VIAS PUBLICAS;53;MASCULINO;CASADO;COMERCIANTE;ARTÍCULO 217 A. DEMANDA DE EXPLOTACION SEXUAL COMERCIAL DE PERSONA MENOR DE 18 AÑOS DE EDAD;2019;3;12;;(29 a 59) Adultez;1
13/03/2019;54;NORTE DE SANTANDER;54874;VILLA DEL ROSARIO;Miércoles;12:00:00;VILLAS DE SANTANDER;URBANA;VIAS PUBLICAS;22;MASCULINO;SOLTERO;ESTUDIANTE;ARTÍCULO 219 A. UTILIZACIÓN O FACILITACIÓN DE MEDIOS DE COMUNICACIÓN PARA OFRECER SERVICIOS SEXUALES DE MENORES;2019;3;13;;(18 a 28) Juventud;1
20/03/2019;68;SANTANDER;68001;BUCARAMANGA;Miércoles;14:58:00;CENTRO;URBANA;FRENTE A EDIFICIO - VIA PUBLICA;50;MASCULINO;SOLTERO;COMERCIANTE;ARTÍCULO 217 A. DEMANDA DE EXPLOTACION SEXUAL COMERCIAL DE PERSONA MENOR DE 18 AÑOS DE EDAD;2019;3;20;;(29 a 59) Adultez;1
20/03/2019;66;RISARALDA;66001;PEREIRA;Miércoles;18:00:00;BOSTON;URBANA;VIAS PUBLICAS;53;MASCULINO;SOLTERO;DESEMPLEADO;ARTÍCULO 217 A. DEMANDA DE EXPLOTACION SEXUAL COMERCIAL DE PERSONA MENOR DE 18 AÑOS DE EDAD;2019;3;20;;(29 a 59) Adultez;1
20/03/2019;66;RISARALDA;66001;PEREIRA;Miércoles;18:35:00;HERNANDO VELEZ MARULANDA;URBANA;VIAS PUBLICAS;55;MASCULINO;CASADO;DESEMPLEADO;ARTÍCULO 217 A. DEMANDA DE EXPLOTACION SEXUAL COMERCIAL DE PERSONA MENOR DE 18 AÑOS DE EDAD;2019;3;20;;(29 a 59) Adultez;1
22/03/2019;08;ATLÁNTICO;08078;BARANOA;Viernes;09:30:00;PORVENIR;URBANA;VIAS PUBLICAS;29;MASCULINO;UNION LIBRE;EMPLEADO PARTICULAR;ARTÍCULO 218. PORNOGRAFÍA CON MENORES;2019;3;22;;(29 a 59) Adultez;1
26/03/2019;11;BOGOTÁ;11001;BOGOTÁ, D.C.;Martes;02:00:00;LA ESPERANZA E-12;URBANA;ESTABLECIMIENTO PUBLICO;42;MASCULINO;SOLTERO;EMPLEADO PARTICULAR;ARTÍCULO 217 A. DEMANDA DE EXPLOTACION SEXUAL COMERCIAL DE PERSONA MENOR DE 18 AÑOS DE EDAD;2019;3;26;;(29 a 59) Adultez;1
27/03/2019;05;ANTIOQUIA;05615;RIONEGRO;Miércoles;09:17:00;EL CARMELO;URBANA;AEROPUERTO;67;MASCULINO;SOLTERO;EMPLEADO PARTICULAR;ARTÍCULO 217 A. DEMANDA DE EXPLOTACION SEXUAL COMERCIAL DE PERSONA MENOR DE 18 AÑOS DE EDAD;2019;3;27;;(Más de 60) Adulto Mayor;1
30/03/2019;05;ANTIOQUIA;05088;BELLO;Sábado;19:10:00;ALTOS DE NIQUIA;URBANA;VIAS PUBLICAS;33;MASCULINO;SOLTERO;INDEPENDIENTE;ARTÍCULO 218. PORNOGRAFÍA CON MENORES;2019;3;30;;(29 a 59) Adultez;1
03/04/2019;47;MAGDALENA;47001;SANTA MARTA;Miércoles;11:30:00;CENTRO;URBANA;VIAS PUBLICAS;19;FEMENINO;SOLTERO;AMA DE CASA;ARTÍCULO 217 A. DEMANDA DE EXPLOTACION SEXUAL COMERCIAL DE PERSONA MENOR DE 18 AÑOS DE EDAD;2019;4;3;;(18 a 28) Juventud;1
03/04/2019;76;VALLE;76834;TULUÁ;Miércoles;18:35:00;La Inmaculada;URBANA;VIAS PUBLICAS;24;MASCULINO;SOLTERO;EMPLEADO PARTICULAR;ARTÍCULO 213 A. PROXENETISMO CON MENOR DE EDAD;2019;4;3;;(18 a 28) Juventud;1
03/04/2019;47;MAGDALENA;47001;SANTA MARTA;Miércoles;19:30:00;SAN JORGE;URBANA;VIAS PUBLICAS;21;MASCULINO;UNION LIBRE;EMPLEADO PARTICULAR;ARTÍCULO 218. PORNOGRAFÍA CON MENORES;2019;4;3;;(18 a 28) Juventud;1
04/04/2019;68;SANTANDER;68547;PIEDECUESTA;Jueves;21:35:00;VDA. LOS CACAOS;URBANA;CASA DE LENOCINIO;30;MASCULINO;SOLTERO;COMERCIANTE;ARTÍCULO 217. ESTÍMULO A LA PROSTITUCIÓN DE MENORES;2019;4;4;;(29 a 59) Adultez;1
05/04/2019;08;ATLÁNTICO;08001;BARRANQUILLA;Viernes;21:45:00;SIMON BOLIVAR;URBANA;VIAS PUBLICAS;33;MASCULINO;SOLTERO;EMPLEADO PARTICULAR;ARTÍCULO 217 A. DEMANDA DE EXPLOTACION SEXUAL COMERCIAL DE PERSONA MENOR DE 18 AÑOS DE EDAD;2019;4;5;;(29 a 59) Adultez;1
08/04/2019;76;VALLE;76364;JAMUNDÍ;Lunes;07:00:00;TERRANOVA E24;URBANA;CASAS DE HABITACION;21;FEMENINO;SOLTERO;EMPLEADO PARTICULAR;ARTÍCULO 218. PORNOGRAFÍA CON MENORES;2019;4;8;;(18 a 28) Juventud;1
08/04/2019;68;SANTANDER;68001;BUCARAMANGA;Lunes;14:24:00;EL TEJAR;URBANA;HOTELES, RESIDENCIAS, Y SIMILARES.;47;MASCULINO;SOLTERO;EMPLEADO PARTICULAR;ARTÍCULO 217 A. DEMANDA DE EXPLOTACION SEXUAL COMERCIAL DE PERSONA MENOR DE 18 AÑOS DE EDAD;2019;4;8;;(29 a 59) Adultez;1
11/04/2019;25;CUNDINAMARCA;25754;SOACHA;Jueves;05:30:00;CAZUCA;URBANA;VIAS PUBLICAS;16;MASCULINO;SOLTERO;ESTUDIANTE;ARTÍCULO 218. PORNOGRAFÍA CON MENORES;2019;4;11;;(12 a 17) Adolescencia;1
11/04/2019;73;TOLIMA;73001;IBAGUÉ;Jueves;07:30:00;VILLA DEL NORTE;URBANA;VIAS PUBLICAS;46;MASCULINO;SOLTERO;COMERCIANTE;ARTÍCULO 219 A. UTILIZACIÓN O FACILITACIÓN DE MEDIOS DE COMUNICACIÓN PARA OFRECER SERVICIOS SEXUALES DE MENORES;2019;4;11;;(29 a 59) Adultez;1
11/04/2019;05;ANTIOQUIA;05001;MEDELLÍN;Jueves;12:10:00;SEVILLA  C-4;URBANA;VIAS PUBLICAS;67;MASCULINO;CASADO;EMPLEADO PUBLICO;ARTÍCULO 218. PORNOGRAFÍA CON MENORES;2019;4;11;;(Más de 60) Adulto Mayor;1
15/04/2019;76;VALLE;76001;CALI;Lunes;12:30:00;INV. CINTA BELISARIO E13;URBANA;VIAS PUBLICAS;61;MASCULINO;CASADO;INDEPENDIENTE;ARTÍCULO 217 A. DEMANDA DE EXPLOTACION SEXUAL COMERCIAL DE PERSONA MENOR DE 18 AÑOS DE EDAD;2019;4;15;;(Más de 60) Adulto Mayor;1
16/04/2019;76;VALLE;76001;CALI;Martes;13:00:00;SAN NICOLAS E3;URBANA;VIAS PUBLICAS;22;FEMENINO;SOLTERO;DESEMPLEADO;ARTÍCULO 213. INDUCCIÓN A LA PROSTITUCIÓN;2019;4;16;;(18 a 28) Juventud;1
24/04/2019;05;ANTIOQUIA;05234;DABEIBA;Miércoles;18:52:00;URIBE URIBE;URBANA;VIAS PUBLICAS;28;MASCULINO;SOLTERO;EMPLEADO PARTICULAR;ARTÍCULO 219 A. UTILIZACIÓN O FACILITACIÓN DE MEDIOS DE COMUNICACIÓN PARA OFRECER SERVICIOS SEXUALES DE MENORES;2019;4;24;;(18 a 28) Juventud;1
25/04/2019;66;RISARALDA;66440;MARSELLA;Jueves;16:36:00;PARQUE PRINCIPAL;URBANA;VIAS PUBLICAS;61;MASCULINO;SOLTERO;AGRICULTOR;LEY 1453. ARTÍCULO 93. EXPLOTACIÓN DE MENORES DE EDAD;2019;4;25;;(Más de 60) Adulto Mayor;1
29/04/2019;63;QUINDÍO;63001;ARMENIA;Lunes;14:00:00;GALAN;URBANA;COLEGIOS, ESCUELAS;41;MASCULINO;UNION LIBRE;EMPLEADO PARTICULAR;ARTÍCULO 218. PORNOGRAFÍA CON MENORES;2019;4;29;;(29 a 59) Adultez;1
29/04/2019;63;QUINDÍO;63001;ARMENIA;Lunes;14:00:00;GALAN;URBANA;COLEGIOS, ESCUELAS;43;MASCULINO;SOLTERO;EMPLEADO PARTICULAR;ARTÍCULO 218. PORNOGRAFÍA CON MENORES;2019;4;29;;(29 a 59) Adultez;1
30/04/2019;23;CÓRDOBA;23001;MONTERÍA;Martes;17:00:00;JUAN XX I I I;URBANA;VIAS PUBLICAS;16;FEMENINO;SOLTERO;ESTUDIANTE;ARTÍCULO 213. INDUCCIÓN A LA PROSTITUCIÓN;2019;4;30;;(12 a 17) Adolescencia;1
01/05/2019;11;BOGOTÁ;11001;BOGOTÁ, D.C.;Miércoles;13:10:00;DANUBIO AZUL E-5;URBANA;DENTRO DE LA VIVIENDA;30;MASCULINO;UNION LIBRE;EMPLEADO PARTICULAR;ARTÍCULO 218. PORNOGRAFÍA CON MENORES;2019;5;1;;(29 a 59) Adultez;1
02/05/2019;50;META;50001;VILLAVICENCIO;Jueves;09:05:00;SAN BENITO;URBANA;VIAS PUBLICAS;26;MASCULINO;SOLTERO;DESEMPLEADO;ARTÍCULO 219 A. UTILIZACIÓN O FACILITACIÓN DE MEDIOS DE COMUNICACIÓN PARA OFRECER SERVICIOS SEXUALES DE MENORES;2019;5;2;;(18 a 28) Juventud;1
08/05/2019;68;SANTANDER;68001;BUCARAMANGA;Miércoles;05:55:00;ASENTAMIENTO SERVIUNON;URBANA;VIAS PUBLICAS;16;MASCULINO;SOLTERO;ESTUDIANTE;ARTÍCULO 217 A. DEMANDA DE EXPLOTACION SEXUAL COMERCIAL DE PERSONA MENOR DE 18 AÑOS DE EDAD;2019;5;8;;(12 a 17) Adolescencia;1
08/05/2019;68;SANTANDER;68001;BUCARAMANGA;Miércoles;05:55:00;ASENTAMIENTO SERVIUNON;URBANA;VIAS PUBLICAS;16;FEMENINO;SOLTERO;ESTUDIANTE;ARTÍCULO 217 A. DEMANDA DE EXPLOTACION SEXUAL COMERCIAL DE PERSONA MENOR DE 18 AÑOS DE EDAD;2019;5;8;;(12 a 17) Adolescencia;1
09/05/2019;76;VALLE;76001;CALI;Jueves;07:59:00;LAS ORQUIDEAS E14;URBANA;VIAS PUBLICAS;56;MASCULINO;SOLTERO;INDEPENDIENTE;ARTÍCULO 217 A. DEMANDA DE EXPLOTACION SEXUAL COMERCIAL DE PERSONA MENOR DE 18 AÑOS DE EDAD;2019;5;9;;(29 a 59) Adultez;1
09/05/2019;76;VALLE;76001;CALI;Jueves;12:40:00;V. MERCEDES I - V. LUZ- LAS GARZAS E21;URBANA;VIAS PUBLICAS;58;MASCULINO;SOLTERO;INDEPENDIENTE;ARTÍCULO 217 A. DEMANDA DE EXPLOTACION SEXUAL COMERCIAL DE PERSONA MENOR DE 18 AÑOS DE EDAD;2019;5;9;;(29 a 59) Adultez;1
11/05/2019;50;META;50001;VILLAVICENCIO;Sábado;11:50:00;ANTONIO PINILLA;URBANA;VIAS PUBLICAS;26;MASCULINO;SOLTERO;DESEMPLEADO;ARTÍCULO 219 A. UTILIZACIÓN O FACILITACIÓN DE MEDIOS DE COMUNICACIÓN PARA OFRECER SERVICIOS SEXUALES DE MENORES;2019;5;11;;(18 a 28) Juventud;1
11/05/2019;50;META;50001;VILLAVICENCIO;Sábado;11:50:00;ANTONIO PINILLA;URBANA;VIAS PUBLICAS;26;MASCULINO;UNION LIBRE;DESEMPLEADO;ARTÍCULO 219 A. UTILIZACIÓN O FACILITACIÓN DE MEDIOS DE COMUNICACIÓN PARA OFRECER SERVICIOS SEXUALES DE MENORES;2019;5;11;;(18 a 28) Juventud;1
14/05/2019;13;BOLÍVAR;13001;CARTAGENA;Martes;06:40:00;PIE DEL CERRO;URBANA;VIAS PUBLICAS;72;MASCULINO;SOLTERO;EMPLEADO PARTICULAR;ARTÍCULO 217 A. DEMANDA DE EXPLOTACION SEXUAL COMERCIAL DE PERSONA MENOR DE 18 AÑOS DE EDAD;2019;5;14;;(Más de 60) Adulto Mayor;1
15/05/2019;17;CALDAS;17042;ANSERMA;Miércoles;09:00:00;EL CARMEN;URBANA;VIAS PUBLICAS;47;MASCULINO;SOLTERO;EMPLEADO PARTICULAR;ARTÍCULO 217 A. DEMANDA DE EXPLOTACION SEXUAL COMERCIAL DE PERSONA MENOR DE 18 AÑOS DE EDAD;2019;5;15;;(29 a 59) Adultez;1
15/05/2019;05;ANTIOQUIA;05212;COPACABANA;Miércoles;19:00:00;VDA. ALVARADO;RURAL;FINCAS Y SIMILARES;16;FEMENINO;SOLTERO;ESTUDIANTE;ARTÍCULO 213 A. PROXENETISMO CON MENOR DE EDAD;2019;5;15;;(12 a 17) Adolescencia;1
15/05/2019;05;ANTIOQUIA;05212;COPACABANA;Miércoles;19:00:00;VDA. ALVARADO;RURAL;FINCAS Y SIMILARES;17;FEMENINO;SOLTERO;ESTUDIANTE;ARTÍCULO 213 A. PROXENETISMO CON MENOR DE EDAD;2019;5;15;;(12 a 17) Adolescencia;1
15/05/2019;05;ANTIOQUIA;05212;COPACABANA;Miércoles;19:00:00;VDA. ALVARADO;RURAL;FINCAS Y SIMILARES;18;FEMENINO;SOLTERO;DESEMPLEADO;ARTÍCULO 213 A. PROXENETISMO CON MENOR DE EDAD;2019;5;15;;(18 a 28) Juventud;1
15/05/2019;05;ANTIOQUIA;05212;COPACABANA;Miércoles;19:00:00;VDA. ALVARADO;RURAL;FINCAS Y SIMILARES;23;MASCULINO;SOLTERO;DESEMPLEADO;ARTÍCULO 213 A. PROXENETISMO CON MENOR DE EDAD;2019;5;15;;(18 a 28) Juventud;1
15/05/2019;05;ANTIOQUIA;05212;COPACABANA;Miércoles;19:00:00;VDA. ALVARADO;RURAL;FINCAS Y SIMILARES;40;MASCULINO;CASADO;INDEPENDIENTE;ARTÍCULO 217 A. DEMANDA DE EXPLOTACION SEXUAL COMERCIAL DE PERSONA MENOR DE 18 AÑOS DE EDAD;2019;5;15;;(29 a 59) Adultez;1
15/05/2019;05;ANTIOQUIA;05212;COPACABANA;Miércoles;19:00:00;VDA. ALVARADO;RURAL;FINCAS Y SIMILARES;40;MASCULINO;SOLTERO;COMERCIANTE;ARTÍCULO 217 A. DEMANDA DE EXPLOTACION SEXUAL COMERCIAL DE PERSONA MENOR DE 18 AÑOS DE EDAD;2019;5;15;;(29 a 59) Adultez;1
16/05/2019;05;ANTIOQUIA;05001;MEDELLÍN;Jueves;07:15:00;CENTRO ADMINISTRATIVO C-10;URBANA;VIAS PUBLICAS;20;FEMENINO;SOLTERO;INDEPENDIENTE;ARTÍCULO 213 A. PROXENETISMO CON MENOR DE EDAD;2019;5;16;;(18 a 28) Juventud;1
16/05/2019;05;ANTIOQUIA;05001;MEDELLÍN;Jueves;07:15:00;CENTRO ADMINISTRATIVO C-10;URBANA;VIAS PUBLICAS;24;MASCULINO;UNION LIBRE;INDEPENDIENTE;ARTÍCULO 213. INDUCCIÓN A LA PROSTITUCIÓN;2019;5;16;;(18 a 28) Juventud;1
16/05/2019;05;ANTIOQUIA;05001;MEDELLÍN;Jueves;07:15:00;CENTRO ADMINISTRATIVO C-10;URBANA;VIAS PUBLICAS;29;FEMENINO;VIUDO;INDEPENDIENTE;ARTÍCULO 213. INDUCCIÓN A LA PROSTITUCIÓN;2019;5;16;;(29 a 59) Adultez;1
16/05/2019;05;ANTIOQUIA;05001;MEDELLÍN;Jueves;07:15:00;CENTRO ADMINISTRATIVO C-10;URBANA;VIAS PUBLICAS;31;MASCULINO;SOLTERO;INDEPENDIENTE;ARTÍCULO 213. INDUCCIÓN A LA PROSTITUCIÓN;2019;5;16;;(29 a 59) Adultez;1
16/05/2019;05;ANTIOQUIA;05001;MEDELLÍN;Jueves;07:15:00;CENTRO ADMINISTRATIVO C-10;URBANA;VIAS PUBLICAS;35;MASCULINO;UNION LIBRE;INDEPENDIENTE;ARTÍCULO 213. INDUCCIÓN A LA PROSTITUCIÓN;2019;5;16;;(29 a 59) Adultez;1
16/05/2019;25;CUNDINAMARCA;25175;CHÍA;Jueves;17:00:00;CENTRO;URBANA;CASAS DE HABITACION;19;MASCULINO;SOLTERO;EMPLEADO PARTICULAR;ARTÍCULO 218. PORNOGRAFÍA CON MENORES;2019;5;16;;(18 a 28) Juventud;1
16/05/2019;68;SANTANDER;68001;BUCARAMANGA;Jueves;20:00:00;CENTRO;URBANA;CENTRO COMERCIAL;34;MASCULINO;SOLTERO;COMERCIANTE;ARTÍCULO 218. PORNOGRAFÍA CON MENORES;2019;5;16;;(29 a 59) Adultez;2
20/05/2019;85;CASANARE;85440;VILLANUEVA;Lunes;16:10:00;CENTRO;URBANA;VIAS PUBLICAS;72;MASCULINO;SOLTERO;INDEPENDIENTE;ARTÍCULO 218. PORNOGRAFÍA CON MENORES;2019;5;20;;(Más de 60) Adulto Mayor;1
20/05/2019;85;CASANARE;85410;TAURAMENA;Lunes;17:00:00;CABAÑAS;RURAL;VIAS PUBLICAS;18;MASCULINO;SOLTERO;INDEPENDIENTE;ARTÍCULO 218. PORNOGRAFÍA CON MENORES;2019;5;20;;(18 a 28) Juventud;1
21/05/2019;44;LA GUAJIRA;44001;RIOHACHA;Martes;15:35:00;LOS NOGALES;URBANA;VIAS PUBLICAS;26;MASCULINO;UNION LIBRE;COMERCIANTE;ARTÍCULO 213. INDUCCIÓN A LA PROSTITUCIÓN;2019;5;21;;(18 a 28) Juventud;1
21/05/2019;50;META;50606;RESTREPO;Martes;15:52:00;VEREDA TRES ESQUINAS;RURAL;VIAS PUBLICAS;47;MASCULINO;UNION LIBRE;EMPLEADO PARTICULAR;LEY 1453. ARTÍCULO 93. EXPLOTACIÓN DE MENORES DE EDAD;2019;5;21;;(29 a 59) Adultez;1
23/05/2019;27;CHOCÓ;27075;BAHÍA SOLANO;Jueves;07:10:00;LA FLORESTA;URBANA;VIAS PUBLICAS;17;MASCULINO;SOLTERO;EMPLEADO PARTICULAR;ARTÍCULO 218. PORNOGRAFÍA CON MENORES;2019;5;23;;(12 a 17) Adolescencia;1
23/05/2019;54;NORTE DE SANTANDER;54001;CÚCUTA;Jueves;09:25:00;BARRIO LA UNION;URBANA;VIAS PUBLICAS;53;MASCULINO;SOLTERO;COMERCIANTE;ARTÍCULO 217 A. DEMANDA DE EXPLOTACION SEXUAL COMERCIAL DE PERSONA MENOR DE 18 AÑOS DE EDAD;2019;5;23;;(29 a 59) Adultez;1
23/05/2019;50;META;50001;VILLAVICENCIO;Jueves;19:30:00;VEREDA VANGUARDIA;RURAL;VIAS PUBLICAS;41;FEMENINO;UNION LIBRE;INDEPENDIENTE;ARTÍCULO 213 A. PROXENETISMO CON MENOR DE EDAD;2019;5;23;;(29 a 59) Adultez;1
24/05/2019;70;SUCRE;70001;SINCELEJO;Viernes;19:15:00;MAJAGUAL;URBANA;VIAS PUBLICAS;56;MASCULINO;CASADO;EMPLEADO PARTICULAR;ARTÍCULO 217 A. DEMANDA DE EXPLOTACION SEXUAL COMERCIAL DE PERSONA MENOR DE 18 AÑOS DE EDAD;2019;5;24;;(29 a 59) Adultez;1
25/05/2019;76;VALLE;76001;CALI;Sábado;09:30:00;COLSEGUROS ANDES E10;URBANA;VIAS PUBLICAS;47;MASCULINO;UNION LIBRE;INDEPENDIENTE;ARTÍCULO 217 A. DEMANDA DE EXPLOTACION SEXUAL COMERCIAL DE PERSONA MENOR DE 18 AÑOS DE EDAD;2019;5;25;;(29 a 59) Adultez;1
31/05/2019;41;HUILA;41001;NEIVA;Viernes;06:00:00;VEREDA GUACIRCO;RURAL;VIAS PUBLICAS;47;MASCULINO;SOLTERO;INDEPENDIENTE;ARTÍCULO 218. PORNOGRAFÍA CON MENORES;2019;5;31;;(29 a 59) Adultez;1
10/06/2019;05;ANTIOQUIA;05380;LA ESTRELLA;Lunes;15:30:00;VDA. SIERRA MORENA;URBANA;VIAS PUBLICAS;23;MASCULINO;SOLTERO;DESEMPLEADO;ARTÍCULO 218. PORNOGRAFÍA CON MENORES;2019;6;10;;(18 a 28) Juventud;1
17/06/2019;13;BOLÍVAR;13001;CARTAGENA;Lunes;17:20:00;CENTRO;URBANA;VIAS PUBLICAS;24;MASCULINO;UNION LIBRE;EMPLEADO PARTICULAR;LEY 1453. ARTÍCULO 93. EXPLOTACIÓN DE MENORES DE EDAD;2019;6;17;;(18 a 28) Juventud;1
19/06/2019;15;BOYACÁ;15238;DUITAMA;Miércoles;06:20:00;LA PAZ;URBANA;CASAS DE HABITACION;37;MASCULINO;SOLTERO;INDEPENDIENTE;ARTÍCULO 218. PORNOGRAFÍA CON MENORES;2019;6;19;;(29 a 59) Adultez;1
20/06/2019;05;ANTIOQUIA;05001;MEDELLÍN;Jueves;10:00:00;LA FLORESTA C-12;URBANA;VIAS PUBLICAS;18;FEMENINO;SOLTERO;DESEMPLEADO;ARTÍCULO 213 A. PROXENETISMO CON MENOR DE EDAD;2019;6;20;;(18 a 28) Juventud;1
20/06/2019;25;CUNDINAMARCA;25530;PARATEBUENO;Jueves;15:00:00;VER. MACAPAY ALTO;RURAL;VIAS PUBLICAS;22;FEMENINO;UNION LIBRE;AMA DE CASA;ARTÍCULO 213 A. PROXENETISMO CON MENOR DE EDAD;2019;6;20;;(18 a 28) Juventud;1
20/06/2019;50;META;50226;CUMARAL;Jueves;18:53:00;MONSERRATE;URBANA;VIAS PUBLICAS;26;FEMENINO;UNION LIBRE;DESEMPLEADO;ARTÍCULO 213 A. PROXENETISMO CON MENOR DE EDAD;2019;6;20;;(18 a 28) Juventud;1
20/06/2019;50;META;50226;CUMARAL;Jueves;18:58:00;LA PRIMAVERA;URBANA;VIAS PUBLICAS;33;MASCULINO;SOLTERO;DESEMPLEADO;ARTÍCULO 217 A. DEMANDA DE EXPLOTACION SEXUAL COMERCIAL DE PERSONA MENOR DE 18 AÑOS DE EDAD;2019;6;20;;(29 a 59) Adultez;1
20/06/2019;50;META;50001;VILLAVICENCIO;Jueves;20:20:00;LA CASTILLA;URBANA;ESTABLECIMIENTO PUBLICO;50;MASCULINO;SOLTERO;COMERCIANTE;ARTÍCULO 217 A. DEMANDA DE EXPLOTACION SEXUAL COMERCIAL DE PERSONA MENOR DE 18 AÑOS DE EDAD;2019;6;20;;(29 a 59) Adultez;1
20/06/2019;50;META;50001;VILLAVICENCIO;Jueves;23:10:00;BARZAL BAJO;URBANA;VIAS PUBLICAS;21;MASCULINO;SOLTERO;DESEMPLEADO;ARTÍCULO 217 A. DEMANDA DE EXPLOTACION SEXUAL COMERCIAL DE PERSONA MENOR DE 18 AÑOS DE EDAD;2019;6;20;;(18 a 28) Juventud;1
21/06/2019;50;META;50001;VILLAVICENCIO;Viernes;01:30:00;TERMINAL TRASPORTES;URBANA;VIAS PUBLICAS;19;MASCULINO;SOLTERO;DESEMPLEADO;ARTÍCULO 217 A. DEMANDA DE EXPLOTACION SEXUAL COMERCIAL DE PERSONA MENOR DE 18 AÑOS DE EDAD;2019;6;21;;(18 a 28) Juventud;1
21/06/2019;05;ANTIOQUIA;05001;MEDELLÍN;Viernes;15:09:00;PARQUE JUAN PABLO II C-15;URBANA;VIAS PUBLICAS;20;FEMENINO;SOLTERO;DESEMPLEADO;ARTÍCULO 213 A. PROXENETISMO CON MENOR DE EDAD;2019;6;21;;(18 a 28) Juventud;1
21/06/2019;41;HUILA;41298;GARZÓN;Viernes;17:45:00;VILLAS DEL CAFE;URBANA;VIAS PUBLICAS;38;MASCULINO;SOLTERO;INDEPENDIENTE;ARTÍCULO 218. PORNOGRAFÍA CON MENORES;2019;6;21;;(29 a 59) Adultez;1
21/06/2019;41;HUILA;41298;GARZÓN;Viernes;20:10:00;CENTRO;URBANA;VIAS PUBLICAS;48;MASCULINO;CASADO;INDEPENDIENTE;ARTÍCULO 218. PORNOGRAFÍA CON MENORES;2019;6;21;;(29 a 59) Adultez;1
22/06/2019;97;VAUPÉS;97001;MITÚ;Sábado;07:33:00;CENTRO;URBANA;VIAS PUBLICAS;68;MASCULINO;UNION LIBRE;DESEMPLEADO;ARTÍCULO 213 A. PROXENETISMO CON MENOR DE EDAD;2019;6;22;;(Más de 60) Adulto Mayor;1
24/06/2019;50;META;50001;VILLAVICENCIO;Lunes;10:00:00;LA FLORIDA;URBANA;VIAS PUBLICAS;21;MASCULINO;SOLTERO;EMPLEADO PARTICULAR;ARTÍCULO 219 A. UTILIZACIÓN O FACILITACIÓN DE MEDIOS DE COMUNICACIÓN PARA OFRECER SERVICIOS SEXUALES DE MENORES;2019;6;24;;(18 a 28) Juventud;1
26/06/2019;11;BOGOTÁ;11001;BOGOTÁ, D.C.;Miércoles;06:00:00;LA SUREÑA E-2;URBANA;VIAS PUBLICAS;44;MASCULINO;SOLTERO;DESEMPLEADO;ARTÍCULO 218. PORNOGRAFÍA CON MENORES;2019;6;26;;(29 a 59) Adultez;1
26/06/2019;11;BOGOTÁ;11001;BOGOTÁ, D.C.;Miércoles;06:00:00;LA SUREÑA E-2;URBANA;VIAS PUBLICAS;47;MASCULINO;CASADO;DESEMPLEADO;ARTÍCULO 218. PORNOGRAFÍA CON MENORES;2019;6;26;;(29 a 59) Adultez;1
26/06/2019;11;BOGOTÁ;11001;BOGOTÁ, D.C.;Miércoles;06:00:00;LA SUREÑA E-2;URBANA;VIAS PUBLICAS;52;MASCULINO;CASADO;DESEMPLEADO;ARTÍCULO 218. PORNOGRAFÍA CON MENORES;2019;6;26;;(29 a 59) Adultez;1
26/06/2019;54;NORTE DE SANTANDER;54498;OCAÑA;Miércoles;11:10:00;BARRIO CENTRO;URBANA;VIAS PUBLICAS;20;MASCULINO;SOLTERO;EMPLEADO PARTICULAR;LEY 1453. ARTÍCULO 93. EXPLOTACIÓN DE MENORES DE EDAD;2019;6;26;;(18 a 28) Juventud;1
26/06/2019;76;VALLE;76100;BOLÍVAR;Miércoles;16:00:00;CRGTO LA PRIMAVERA;URBANA;VIAS PUBLICAS;62;MASCULINO;SOLTERO;COMERCIANTE;ARTÍCULO 217 A. DEMANDA DE EXPLOTACION SEXUAL COMERCIAL DE PERSONA MENOR DE 18 AÑOS DE EDAD;2019;6;26;;(Más de 60) Adulto Mayor;1
28/06/2019;70;SUCRE;70001;SINCELEJO;Viernes;09:05:00;7 DE AGOSTO;URBANA;INSTALACIONES DE LA POLICIA;50;MASCULINO;SOLTERO;EMPLEADO PARTICULAR;ARTÍCULO 213. INDUCCIÓN A LA PROSTITUCIÓN;2019;6;28;;(29 a 59) Adultez;1
02/07/2019;05;ANTIOQUIA;05440;MARINILLA;Martes;14:15:00;PARQUE PRINCIPAL;URBANA;VIAS PUBLICAS;35;MASCULINO;SOLTERO;DESEMPLEADO;ARTÍCULO 217 A. DEMANDA DE EXPLOTACION SEXUAL COMERCIAL DE PERSONA MENOR DE 18 AÑOS DE EDAD;2019;7;2;;(29 a 59) Adultez;1
03/07/2019;44;LA GUAJIRA;44001;RIOHACHA;Miércoles;16:30:00;SAN TROPEL;URBANA;VIAS PUBLICAS;21;MASCULINO;SOLTERO;DESEMPLEADO;ARTÍCULO 217 A. DEMANDA DE EXPLOTACION SEXUAL COMERCIAL DE PERSONA MENOR DE 18 AÑOS DE EDAD;2019;7;3;;(18 a 28) Juventud;1
09/07/2019;76;VALLE;76001;CALI;Martes;08:25:00;CANEY E17;URBANA;VIAS PUBLICAS;18;MASCULINO;SOLTERO;DESEMPLEADO;ARTÍCULO 218. PORNOGRAFÍA CON MENORES;2019;7;9;;(18 a 28) Juventud;1
09/07/2019;13;BOLÍVAR;13001;CARTAGENA;Martes;15:10:00;PIE DE LA POPA;URBANA;VIAS PUBLICAS;37;FEMENINO;UNION LIBRE;EMPLEADO PARTICULAR;LEY 1453. ARTÍCULO 93. EXPLOTACIÓN DE MENORES DE EDAD;2019;7;9;;(29 a 59) Adultez;1
15/07/2019;05;ANTIOQUIA;05667;SAN RAFAEL;Lunes;08:30:00;PARQUE PRINCIPAL;URBANA;VIAS PUBLICAS;24;MASCULINO;SOLTERO;DESEMPLEADO;ARTÍCULO 213. INDUCCIÓN A LA PROSTITUCIÓN;2019;7;15;;(18 a 28) Juventud;1
15/07/2019;05;ANTIOQUIA;05667;SAN RAFAEL;Lunes;08:30:00;PARQUE PRINCIPAL;URBANA;VIAS PUBLICAS;31;MASCULINO;SOLTERO;DESEMPLEADO;ARTÍCULO 213. INDUCCIÓN A LA PROSTITUCIÓN;2019;7;15;;(29 a 59) Adultez;1
15/07/2019;05;ANTIOQUIA;05667;SAN RAFAEL;Lunes;08:30:00;PARQUE PRINCIPAL;URBANA;VIAS PUBLICAS;35;MASCULINO;SOLTERO;DESEMPLEADO;ARTÍCULO 213. INDUCCIÓN A LA PROSTITUCIÓN;2019;7;15;;(29 a 59) Adultez;1
15/07/2019;05;ANTIOQUIA;05667;SAN RAFAEL;Lunes;08:30:00;PARQUE PRINCIPAL;URBANA;VIAS PUBLICAS;40;FEMENINO;SOLTERO;DESEMPLEADO;ARTÍCULO 213. INDUCCIÓN A LA PROSTITUCIÓN;2019;7;15;;(29 a 59) Adultez;1
17/07/2019;25;CUNDINAMARCA;25307;GIRARDOT;Miércoles;20:00:00;SAN ANTONIO;URBANA;VIAS PUBLICAS;34;FEMENINO;UNION LIBRE;INDEPENDIENTE;ARTÍCULO 213 A. PROXENETISMO CON MENOR DE EDAD;2019;7;17;;(29 a 59) Adultez;1
24/07/2019;05;ANTIOQUIA;05001;MEDELLÍN;Miércoles;10:20:00;MONTECLARO C-7;URBANA;VIAS PUBLICAS;59;MASCULINO;VIUDO;EMPLEADO PARTICULAR;ARTÍCULO 217 A. DEMANDA DE EXPLOTACION SEXUAL COMERCIAL DE PERSONA MENOR DE 18 AÑOS DE EDAD;2019;7;24;;(29 a 59) Adultez;1
24/07/2019;05;ANTIOQUIA;05059;ARMENIA;Miércoles;14:00:00;PARQUE PRINCIPAL;URBANA;VIAS PUBLICAS;18;MASCULINO;SOLTERO;INDEPENDIENTE;ARTÍCULO 213 A. PROXENETISMO CON MENOR DE EDAD;2019;7;24;;(18 a 28) Juventud;1
25/07/2019;08;ATLÁNTICO;08001;BARRANQUILLA;Jueves;17:00:00;CIUDADELA 20 DE JULIO;URBANA;VIAS PUBLICAS;50;MASCULINO;SOLTERO;EMPLEADO PARTICULAR;ARTÍCULO 217 A. DEMANDA DE EXPLOTACION SEXUAL COMERCIAL DE PERSONA MENOR DE 18 AÑOS DE EDAD;2019;7;25;;(29 a 59) Adultez;1
28/07/2019;13;BOLÍVAR;13001;CARTAGENA;Domingo;17:45:00;CENTRO;URBANA;FRENTE A ALMACEN - VIA PUBLICA;27;FEMENINO;SOLTERO;DESEMPLEADO;LEY 1453. ARTÍCULO 93. EXPLOTACIÓN DE MENORES DE EDAD;2019;7;28;;(18 a 28) Juventud;1
