﻿Fecha;Dane_dep;Departamento;Dane_mun;Municipio;Dia_semana;Hora;Barrio;Zona;Clase_sitio;Edad_cap;Sexo_cap;Estado_civil_cap;Clase_empleado_cap;Delito_captura;Anio;Mes;Dia;Ciclo_vital;Cantidad
13/02/2019;91;AMAZONAS;91540;PUERTO NARIÑO;Miércoles;11:10:00;CENTRO (Pto. Nariño);RURAL;PERIMETRO URBANO;32;MASCULINO;CASADO;DESEMPLEADO;ARTÍCULO 188 B.- TRATA DE PERSONAS CIRCUNSTANCIAS DE AGRAVACIÓN PUNITIVA.;2019;2;13;(29 a 59) Adultez;1
13/02/2019;91;AMAZONAS;91540;PUERTO NARIÑO;Miércoles;11:10:00;CENTRO (Pto. Nariño);RURAL;PERIMETRO URBANO;50;FEMENINO;SEPARADO;DESEMPLEADO;ARTÍCULO 188 B.- TRATA DE PERSONAS CIRCUNSTANCIAS DE AGRAVACIÓN PUNITIVA.;2019;2;13;(29 a 59) Adultez;1
13/02/2019;91;AMAZONAS;91540;PUERTO NARIÑO;Miércoles;11:25:00;CENTRO (Pto. Nariño);RURAL;VIAS PUBLICAS;32;MASCULINO;CASADO;COMERCIANTE;ARTÍCULO 188 A.- TRATA DE PERSONAS;2019;2;13;(29 a 59) Adultez;1
13/02/2019;91;AMAZONAS;91540;PUERTO NARIÑO;Miércoles;11:25:00;CENTRO (Pto. Nariño);RURAL;VIAS PUBLICAS;49;FEMENINO;SEPARADO;COMERCIANTE;ARTÍCULO 188 A.- TRATA DE PERSONAS;2019;2;13;(29 a 59) Adultez;1
17/04/2019;05;ANTIOQUIA;05615;RIONEGRO;Miércoles;00:40:00;AEROPUERTO;URBANA;AEROPUERTO;43;FEMENINO;SOLTERO;AMA DE CASA;ARTÍCULO 188 A.- TRATA DE PERSONAS;2019;4;17;(29 a 59) Adultez;1
17/04/2019;05;ANTIOQUIA;05615;RIONEGRO;Miércoles;00:45:00;AEROPUERTO;RURAL;AEROPUERTO;43;FEMENINO;UNION LIBRE;AMA DE CASA;ARTÍCULO 188 A.- TRATA DE PERSONAS;2019;4;17;(29 a 59) Adultez;1
24/06/2019;41;HUILA;41306;GIGANTE;Lunes;09:30:00;VEREDA LA GUANDINOSA;RURAL;VIAS PUBLICAS;37;MASCULINO;UNION LIBRE;COMERCIANTE;ARTÍCULO 188 A.- TRATA DE PERSONAS;2019;6;24;(29 a 59) Adultez;1
27/06/2019;08;ATLÁNTICO;08296;GALAPA;Jueves;18:38:00;VILLA OLIMPICA;URBANA;VIAS PUBLICAS;29;FEMENINO;UNION LIBRE;DESEMPLEADO;ARTÍCULO 188 B.- TRATA DE PERSONAS CIRCUNSTANCIAS DE AGRAVACIÓN PUNITIVA.;2019;6;27;(29 a 59) Adultez;1
22/07/2019;91;AMAZONAS;91001;LETICIA;Lunes;06:00:00;CENTRO (Leticia);URBANA;VIAS PUBLICAS;19;FEMENINO;SOLTERO;DESEMPLEADO;ARTÍCULO 188 A.- TRATA DE PERSONAS;2019;7;22;(18 a 28) Juventud;1
22/07/2019;91;AMAZONAS;91001;LETICIA;Lunes;06:00:00;CENTRO (Leticia);URBANA;VIAS PUBLICAS;20;MASCULINO;CASADO;DESEMPLEADO;ARTÍCULO 188 A.- TRATA DE PERSONAS;2019;7;22;(18 a 28) Juventud;1
22/07/2019;91;AMAZONAS;91001;LETICIA;Lunes;06:00:00;CENTRO (Leticia);URBANA;VIAS PUBLICAS;26;FEMENINO;SOLTERO;DESEMPLEADO;ARTÍCULO 188 A.- TRATA DE PERSONAS;2019;7;22;(18 a 28) Juventud;1
22/07/2019;91;AMAZONAS;91001;LETICIA;Lunes;06:00:00;CENTRO (Leticia);URBANA;VIAS PUBLICAS;31;MASCULINO;CASADO;DESEMPLEADO;ARTÍCULO 188 A.- TRATA DE PERSONAS;2019;7;22;(29 a 59) Adultez;1
22/07/2019;91;AMAZONAS;91001;LETICIA;Lunes;06:00:00;CENTRO (Leticia);URBANA;VIAS PUBLICAS;34;FEMENINO;CASADO;DESEMPLEADO;ARTÍCULO 188 A.- TRATA DE PERSONAS;2019;7;22;(29 a 59) Adultez;1
22/07/2019;91;AMAZONAS;91001;LETICIA;Lunes;06:00:00;CENTRO (Leticia);URBANA;VIAS PUBLICAS;36;MASCULINO;CASADO;DESEMPLEADO;ARTÍCULO 188 A.- TRATA DE PERSONAS;2019;7;22;(29 a 59) Adultez;1
22/07/2019;91;AMAZONAS;91001;LETICIA;Lunes;06:00:00;CENTRO (Leticia);URBANA;VIAS PUBLICAS;48;MASCULINO;CASADO;DESEMPLEADO;ARTÍCULO 188 A.- TRATA DE PERSONAS;2019;7;22;(29 a 59) Adultez;1
22/07/2019;91;AMAZONAS;91001;LETICIA;Lunes;06:00:00;CENTRO (Leticia);URBANA;VIAS PUBLICAS;53;MASCULINO;SOLTERO;DESEMPLEADO;ARTÍCULO 188 A.- TRATA DE PERSONAS;2019;7;22;(29 a 59) Adultez;1
22/07/2019;91;AMAZONAS;91001;LETICIA;Lunes;06:00:00;CENTRO (Leticia);URBANA;VIAS PUBLICAS;56;MASCULINO;CASADO;DESEMPLEADO;ARTÍCULO 188 A.- TRATA DE PERSONAS;2019;7;22;(29 a 59) Adultez;1
22/07/2019;91;AMAZONAS;91001;LETICIA;Lunes;06:00:00;CENTRO (Leticia);URBANA;VIAS PUBLICAS;58;MASCULINO;CASADO;DESEMPLEADO;ARTÍCULO 188 A.- TRATA DE PERSONAS;2019;7;22;(29 a 59) Adultez;1
22/07/2019;91;AMAZONAS;91001;LETICIA;Lunes;06:00:00;CENTRO (Leticia);URBANA;VIAS PUBLICAS;64;MASCULINO;CASADO;DESEMPLEADO;ARTÍCULO 188 A.- TRATA DE PERSONAS;2019;7;22;(Más de 60) Adulto Mayor;2
22/07/2019;91;AMAZONAS;91001;LETICIA;Lunes;06:00:00;CENTRO (Leticia);URBANA;VIAS PUBLICAS;71;MASCULINO;CASADO;DESEMPLEADO;ARTÍCULO 188 A.- TRATA DE PERSONAS;2019;7;22;(Más de 60) Adulto Mayor;1
23/07/2019;95;GUAVIARE;95001;SAN JOSÉ DEL GUAVIARE;Martes;10:00:00;BARRIO LA ESPERANZA;URBANA;VIAS PUBLICAS;58;MASCULINO;UNION LIBRE;EMPLEADO PARTICULAR;ARTÍCULO 188 A.- TRATA DE PERSONAS;2019;7;23;(29 a 59) Adultez;1
09/02/2018;05;ANTIOQUIA;05001;MEDELLÍN;Viernes;21:00:00;ALEJANDRO ECHAVARRIA  C-9;URBANA;AEROPUERTO;31;FEMENINO;CASADO;AMA DE CASA;ARTÍCULO 188 A.- TRATA DE PERSONAS;2018;2;9;(29 a 59) Adultez;1
15/02/2018;23;CÓRDOBA;23001;MONTERÍA;Jueves;10:10:00;EL ALIVIO;URBANA;VIAS PUBLICAS;26;MASCULINO;UNION LIBRE;DESEMPLEADO;ARTÍCULO 188 A.- TRATA DE PERSONAS;2018;2;15;(18 a 28) Juventud;1
17/02/2018;05;ANTIOQUIA;05031;AMALFI;Sábado;01:00:00;PARQUE PRINCIPAL;URBANA;VIAS PUBLICAS;26;MASCULINO;UNION LIBRE;INDEPENDIENTE;ARTÍCULO 188 B.- TRATA DE PERSONAS CIRCUNSTANCIAS DE AGRAVACIÓN PUNITIVA.;2018;2;17;(18 a 28) Juventud;1
17/02/2018;05;ANTIOQUIA;05031;AMALFI;Sábado;01:00:00;PARQUE PRINCIPAL;URBANA;VIAS PUBLICAS;38;FEMENINO;SOLTERO;INDEPENDIENTE;ARTÍCULO 188 B.- TRATA DE PERSONAS CIRCUNSTANCIAS DE AGRAVACIÓN PUNITIVA.;2018;2;17;(29 a 59) Adultez;1
17/02/2018;05;ANTIOQUIA;05031;AMALFI;Sábado;01:00:00;PARQUE PRINCIPAL;URBANA;VIAS PUBLICAS;52;MASCULINO;UNION LIBRE;INDEPENDIENTE;ARTÍCULO 188 B.- TRATA DE PERSONAS CIRCUNSTANCIAS DE AGRAVACIÓN PUNITIVA.;2018;2;17;(29 a 59) Adultez;1
17/02/2018;05;ANTIOQUIA;05697;EL SANTUARIO;Sábado;01:00:00;PARQUE PRINCIPAL;URBANA;VIAS PUBLICAS;32;FEMENINO;UNION LIBRE;INDEPENDIENTE;ARTÍCULO 188 B.- TRATA DE PERSONAS CIRCUNSTANCIAS DE AGRAVACIÓN PUNITIVA.;2018;2;17;(29 a 59) Adultez;1
17/02/2018;05;ANTIOQUIA;05697;EL SANTUARIO;Sábado;01:00:00;PARQUE PRINCIPAL;URBANA;VIAS PUBLICAS;38;FEMENINO;SOLTERO;INDEPENDIENTE;ARTÍCULO 188 A.- TRATA DE PERSONAS;2018;2;17;(29 a 59) Adultez;1
17/02/2018;05;ANTIOQUIA;05697;EL SANTUARIO;Sábado;01:00:00;PARQUE PRINCIPAL;URBANA;VIAS PUBLICAS;42;MASCULINO;UNION LIBRE;INDEPENDIENTE;ARTÍCULO 188 B.- TRATA DE PERSONAS CIRCUNSTANCIAS DE AGRAVACIÓN PUNITIVA.;2018;2;17;(29 a 59) Adultez;1
17/02/2018;05;ANTIOQUIA;05697;EL SANTUARIO;Sábado;01:00:00;PARQUE PRINCIPAL;URBANA;VIAS PUBLICAS;68;MASCULINO;VIUDO;INDEPENDIENTE;ARTÍCULO 188 B.- TRATA DE PERSONAS CIRCUNSTANCIAS DE AGRAVACIÓN PUNITIVA.;2018;2;17;(Más de 60) Adulto Mayor;1
17/02/2018;05;ANTIOQUIA;05264;ENTRERRIOS;Sábado;01:00:00;EL MINUTO DE DIOS;URBANA;VIAS PUBLICAS;36;FEMENINO;SOLTERO;INDEPENDIENTE;ARTÍCULO 188 B.- TRATA DE PERSONAS CIRCUNSTANCIAS DE AGRAVACIÓN PUNITIVA.;2018;2;17;(29 a 59) Adultez;1
17/02/2018;05;ANTIOQUIA;05264;ENTRERRIOS;Sábado;01:00:00;EL MINUTO DE DIOS;URBANA;VIAS PUBLICAS;58;MASCULINO;UNION LIBRE;COMERCIANTE;ARTÍCULO 188 B.- TRATA DE PERSONAS CIRCUNSTANCIAS DE AGRAVACIÓN PUNITIVA.;2018;2;17;(29 a 59) Adultez;1
17/02/2018;05;ANTIOQUIA;05400;LA UNIÓN;Sábado;01:00:00;PARQUE PRINCIPAL;URBANA;VIAS PUBLICAS;39;FEMENINO;UNION LIBRE;INDEPENDIENTE;ARTÍCULO 188 B.- TRATA DE PERSONAS CIRCUNSTANCIAS DE AGRAVACIÓN PUNITIVA.;2018;2;17;(29 a 59) Adultez;1
17/02/2018;05;ANTIOQUIA;05425;MACEO;Sábado;01:00:00;CARRERA BOLIVAR;URBANA;VIAS PUBLICAS;30;MASCULINO;UNION LIBRE;INDEPENDIENTE;ARTÍCULO 188 B.- TRATA DE PERSONAS CIRCUNSTANCIAS DE AGRAVACIÓN PUNITIVA.;2018;2;17;(29 a 59) Adultez;1
17/02/2018;05;ANTIOQUIA;05667;SAN RAFAEL;Sábado;01:00:00;PARQUE PRINCIPAL;RURAL;VIAS PUBLICAS;36;FEMENINO;CASADO;INDEPENDIENTE;ARTÍCULO 188 B.- TRATA DE PERSONAS CIRCUNSTANCIAS DE AGRAVACIÓN PUNITIVA.;2018;2;17;(29 a 59) Adultez;1
17/02/2018;05;ANTIOQUIA;05686;SANTA ROSA DE OSOS;Sábado;01:00:00;PARQUE PRINCIPAL;URBANA;VIAS PUBLICAS;38;FEMENINO;UNION LIBRE;AMA DE CASA;ARTÍCULO 188 B.- TRATA DE PERSONAS CIRCUNSTANCIAS DE AGRAVACIÓN PUNITIVA.;2018;2;17;(29 a 59) Adultez;1
17/02/2018;05;ANTIOQUIA;05847;URRAO;Sábado;01:00:00;PARQUE PRINCIPAL;URBANA;VIAS PUBLICAS;38;MASCULINO;UNION LIBRE;COMERCIANTE;ARTÍCULO 188 B.- TRATA DE PERSONAS CIRCUNSTANCIAS DE AGRAVACIÓN PUNITIVA.;2018;2;17;(29 a 59) Adultez;1
17/02/2018;05;ANTIOQUIA;05890;YOLOMBÓ;Sábado;01:00:00;LA ESPIGA;URBANA;VIAS PUBLICAS;37;MASCULINO;UNION LIBRE;INDEPENDIENTE;ARTÍCULO 188 A.- TRATA DE PERSONAS;2018;2;17;(29 a 59) Adultez;1
11/03/2018;27;CHOCÓ;27006;ACANDÍ;Domingo;11:40:00;CALLE ALCIDEZ;URBANA;VIAS PUBLICAS;33;MASCULINO;SOLTERO;EMPLEADO PARTICULAR;ARTÍCULO 188 A.- TRATA DE PERSONAS;2018;3;11;(29 a 59) Adultez;1
04/05/2018;66;RISARALDA;66682;SANTA ROSA DE CABAL;Viernes;04:30:00;SECTOR GUAYABITO;RURAL;CARRETERA;37;MASCULINO;UNION LIBRE;EMPLEADO PARTICULAR;ARTÍCULO 188 A.- TRATA DE PERSONAS;2018;5;4;(29 a 59) Adultez;1
10/05/2018;76;VALLE;76001;CALI;Jueves;12:00:00;MOJICA E15;URBANA;VIAS PUBLICAS;23;FEMENINO;SOLTERO;EMPLEADO PARTICULAR;ARTÍCULO 188 A.- TRATA DE PERSONAS;2018;5;10;(18 a 28) Juventud;1
04/07/2018;27;CHOCÓ;27006;ACANDÍ;Miércoles;03:00:00;CGTO. ZAPSURRO;RURAL;VIAS PUBLICAS;18;MASCULINO;UNION LIBRE;EMPLEADO PARTICULAR;ARTÍCULO 188 A.- TRATA DE PERSONAS;2018;7;4;(18 a 28) Juventud;1
10/07/2018;05;ANTIOQUIA;05607;RETIRO;Martes;10:15:00;LA FE;RURAL;FINCAS Y SIMILARES;47;MASCULINO;UNION LIBRE;INDEPENDIENTE;ARTICULO 141B. TRATA DE PERSONAS EN PERSONA PROTEGIDA CON FINES DE EXPLOTACION SEXUAL;2018;7;10;(29 a 59) Adultez;1
29/07/2018;13;BOLÍVAR;13001;CARTAGENA;Domingo;06:30:00;CASTILLO GRANDE;URBANA;VIAS PUBLICAS;47;FEMENINO;DIVORCIADO;INDEPENDIENTE;ARTÍCULO 188 A.- TRATA DE PERSONAS;2018;7;29;(29 a 59) Adultez;1
10/08/2018;44;LA GUAJIRA;44430;MAICAO;Viernes;18:05:00;BOSQUE;URBANA;VIAS PUBLICAS;35;MASCULINO;UNION LIBRE;COMERCIANTE;ARTÍCULO 188 B.- TRATA DE PERSONAS CIRCUNSTANCIAS DE AGRAVACIÓN PUNITIVA.;2018;8;10;(29 a 59) Adultez;1
17/08/2018;05;ANTIOQUIA;05001;MEDELLÍN;Viernes;12:00:00;CARIBE C-5;URBANA;TERMINAL DE TRANSPORTES;40;MASCULINO;UNION LIBRE;INDEPENDIENTE;ARTÍCULO 188 A.- TRATA DE PERSONAS;2018;8;17;(29 a 59) Adultez;1
28/08/2018;05;ANTIOQUIA;05440;MARINILLA;Martes;06:30:00;ALCARAVANES;URBANA;VIAS PUBLICAS;36;MASCULINO;UNION LIBRE;INDEPENDIENTE;ARTÍCULO 188 A.- TRATA DE PERSONAS;2018;8;28;(29 a 59) Adultez;1
28/08/2018;05;ANTIOQUIA;05440;MARINILLA;Martes;06:30:00;ALCARAVANES;URBANA;VIAS PUBLICAS;38;FEMENINO;UNION LIBRE;INDEPENDIENTE;ARTÍCULO 188 A.- TRATA DE PERSONAS;2018;8;28;(29 a 59) Adultez;1
28/08/2018;05;ANTIOQUIA;05440;MARINILLA;Martes;06:30:00;ALCARAVANES;URBANA;VIAS PUBLICAS;46;FEMENINO;VIUDO;AMA DE CASA;ARTÍCULO 188 A.- TRATA DE PERSONAS;2018;8;28;(29 a 59) Adultez;1
28/08/2018;63;QUINDÍO;63001;ARMENIA;Martes;06:30:00;CAFETERO;URBANA;VIAS PUBLICAS;34;FEMENINO;UNION LIBRE;INDEPENDIENTE;ARTÍCULO 188 A.- TRATA DE PERSONAS;2018;8;28;(29 a 59) Adultez;1
28/08/2018;63;QUINDÍO;63001;ARMENIA;Martes;06:30:00;CAFETERO;URBANA;VIAS PUBLICAS;38;FEMENINO;SOLTERO;INDEPENDIENTE;ARTÍCULO 188 A.- TRATA DE PERSONAS;2018;8;28;(29 a 59) Adultez;1
28/08/2018;63;QUINDÍO;63001;ARMENIA;Martes;06:30:00;CAFETERO;URBANA;VIAS PUBLICAS;47;MASCULINO;UNION LIBRE;COMERCIANTE;ARTÍCULO 188 A.- TRATA DE PERSONAS;2018;8;28;(29 a 59) Adultez;1
25/09/2018;97;VAUPÉS;97001;MITÚ;Martes;13:53:00;VEREDA MITINGA;RURAL;ZONA SELVÁTICA;22;FEMENINO;UNION LIBRE;AMA DE CASA;ARTÍCULO 188 A.- TRATA DE PERSONAS;2018;9;25;(18 a 28) Juventud;1
19/10/2018;08;ATLÁNTICO;08001;BARRANQUILLA;Viernes;02:30:00;LOS ANDES;URBANA;CASAS DE HABITACION;29;MASCULINO;SOLTERO;INDEPENDIENTE;ARTÍCULO 188 A.- TRATA DE PERSONAS;2018;10;19;(29 a 59) Adultez;1
