﻿Dane_dep;Depto;Dane_mun;Municipio;Pob_muestra;Pob_pobre;Incidencia
05;Antioquia;05001;Medellín;2208077;715358;32,4
05;Antioquia;05002;Abejorral;19828;13185;66,5
05;Antioquia;05004;Abriaqui;2155;1132;52,5
05;Antioquia;05021;Alejandría;3718;2234;60,1
05;Antioquia;05030;Amagá;27004;12572;46,6
05;Antioquia;05031;Amalfi;20014;13688;68,4
05;Antioquia;05034;Andes;40668;25906;63,7
05;Antioquia;05036;Angelópolis;7615;5106;67,1
05;Antioquia;05038;Angostura;12357;9926;80,3
05;Antioquia;05040;Anori;9624;7149;74,3
05;Antioquia;05042;Santafé de Antioquia;22367;13520;60,4
05;Antioquia;05044;Anza;7371;5867;79,6
05;Antioquia;05045;Apartadó;134250;70392;52,4
05;Antioquia;05051;Arboletes;31026;25614;82,6
05;Antioquia;05055;Argelia*;6765;4791;70,8
05;Antioquia;05059;Armenia;5084;3977;78,2
05;Antioquia;05079;Barbosa;42257;19859;47,0
05;Antioquia;05086;Belmira;6186;4157;67,2
05;Antioquia;05088;Bello;367674;115110;31,3
05;Antioquia;05091;Betania;10008;7275;72,7
05;Antioquia;05093;Betulia;16560;12493;75,4
05;Antioquia;05101;Ciudad Bolívar;27890;17642;63,3
05;Antioquia;05107;Briceño;7944;6486;81,6
05;Antioquia;05113;Buritica;6418;5277;82,2
05;Antioquia;05120;Cáceres;27210;24136;88,7
05;Antioquia;05125;Caicedo;7663;5972;77,9
05;Antioquia;05129;Caldas;67770;19444;28,7
05;Antioquia;05134;Campamento*;3382;2640;78,1
05;Antioquia;05138;Cañasgordas;16407;12621;76,9
05;Antioquia;05142;Caracolí;4718;2760;58,5
05;Antioquia;05145;Caramanta;5356;3166;59,1
05;Antioquia;05147;Carepa;41502;26497;63,8
05;Antioquia;05148;El Carmen De Viboral;40870;16989;41,6
05;Antioquia;05150;Carolina del Principe;3858;1606;41,6
05;Antioquia;05154;Caucasia;85544;61089;71,4
05;Antioquia;05172;Chigorodó;59577;39382;66,1
05;Antioquia;05190;Cisneros;9560;4887;51,1
05;Antioquia;05197;Cocorná;14242;10280;72,2
05;Antioquia;05206;Concepción;4332;2584;59,6
05;Antioquia;05209;Concordia;21158;15449;73,0
05;Antioquia;05212;Copacabana;61144;17709;29,0
05;Antioquia;05234;Dabeiba;19712;15995;81,1
05;Antioquia;05237;Don Matías;17664;9451;53,5
05;Antioquia;05240;Ebejicó;12265;8078;65,9
05;Antioquia;05250;El Bagre;37648;29144;77,4
05;Antioquia;05264;Entrerrios;8429;3959;47,0
05;Antioquia;05266;Envigado;174429;24894;14,3
05;Antioquia;05282;Fredonia;22477;12762;56,8
05;Antioquia;05284;Frontino;18504;12179;65,8
05;Antioquia;05306;Giraldo;4139;2638;63,7
05;Antioquia;05308;Girardota;42544;15583;36,6
05;Antioquia;05310;Gómez Plata;11111;7672;69,1
05;Antioquia;05313;Granada;9337;5743;61,5
05;Antioquia;05315;Guadalupe;6060;4768;78,7
05;Antioquia;05318;Guarne;39430;16249;41,2
05;Antioquia;05321;Guatape;5605;2291;40,9
05;Antioquia;05347;Heliconia;6463;4499;69,6
05;Antioquia;05353;Hispania;4788;3001;62,7
05;Antioquia;05360;Itagui;234277;54214;23,1
05;Antioquia;05361;Ituango;23819;19230;80,7
05;Antioquia;05364;Jardín;14213;8104;57,0
05;Antioquia;05368;Jericó;12716;7432;58,4
05;Antioquia;05376;La Ceja;45406;15961;35,2
05;Antioquia;05380;La Estrella;51878;13687;26,4
05;Antioquia;05390;La Pintada;6955;4183;60,1
05;Antioquia;05400;La Unión;17822;8656;48,6
05;Antioquia;05411;Liborina;9348;6271;67,1
05;Antioquia;05425;Maceo;7470;4586;61,4
05;Antioquia;05440;Marinilla;45456;20432;44,9
05;Antioquia;05467;Montebello;7385;4597;62,2
05;Antioquia;05475;Murindo;3499;3329;95,1
05;Antioquia;05480;Mutatá;9641;7786;80,8
05;Antioquia;05483;Nariño;9006;6704;74,4
05;Antioquia;05490;Necoclí;48669;42415;87,2
05;Antioquia;05495;Nechí;17665;15209;86,1
05;Antioquia;05501;Olaya;2865;1948;68,0
05;Antioquia;05541;Peñol;16119;9043;56,1
05;Antioquia;05543;Peque;7450;6666;89,5
05;Antioquia;05576;Pueblorrico;8144;5420;66,6
05;Antioquia;05579;Puerto Berrio;38126;24224;63,5
05;Antioquia;05585;Puerto Nare (La Magdalena);16671;11298;67,8
05;Antioquia;05591;Puerto Triunfo;16319;13187;80,8
05;Antioquia;05604;Remedios;20616;14679;71,2
05;Antioquia;05607;Retiro;16748;5630;33,6
05;Antioquia;05615;Rionegro;98660;26477;26,8
05;Antioquia;05628;Sabanalarga;8114;6717;82,8
05;Antioquia;05631;Sabaneta;44599;8068;18,1
05;Antioquia;05642;Salgar;18006;13622;75,7
05;Antioquia;05647;San Andrés de Cuerquia;4594;2963;64,5
05;Antioquia;05649;San Carlos;11649;7013;60,2
05;Antioquia;05652;San Francisco;6258;4777;76,3
05;Antioquia;05656;San Jerónimo;11594;7224;62,3
05;Antioquia;05658;San José de la Montaña;3062;1640;53,6
05;Antioquia;05659;San Juan de Uraba;20938;17483;83,5
05;Antioquia;05660;San Luis;10559;6644;62,9
05;Antioquia;05664;San Pedro de los Milagros;21974;11011;50,1
05;Antioquia;05665;San Pedro de Urabá;28691;24991;87,1
05;Antioquia;05667;San Rafael;13012;8432;64,8
05;Antioquia;05670;San Roque;17885;12271;68,6
05;Antioquia;05674;San Vicente;19185;13832;72,1
05;Antioquia;05679;Santa Bárbara;23256;14532;62,5
05;Antioquia;05686;Santa Rosa de Osos;30591;18183;59,4
05;Antioquia;05690;Santo Domingo;11333;7219;63,7
05;Antioquia;05697;El Santuario;26074;14981;57,5
05;Antioquia;05736;Segovia;34072;23563;69,2
05;Antioquia;05756;Sonsón;36846;22654;61,5
05;Antioquia;05761;Sopetrán;13298;8012;60,3
05;Antioquia;05789;Támesis;16093;9573;59,5
05;Antioquia;05790;Taraza;30587;26385;86,3
05;Antioquia;05792;Tarso;7069;5166;73,1
05;Antioquia;05809;Titiribí;13231;8858;66,9
05;Antioquia;05819;Toledo;5054;3796;75,1
05;Antioquia;05837;Turbo;122532;95848;78,2
05;Antioquia;05842;Uramita;7257;6072;83,7
05;Antioquia;05847;Urrao;32014;21813;68,1
05;Antioquia;05854;Valdivia;16489;13565;82,3
05;Antioquia;05856;Valparaíso;6279;3499;55,7
05;Antioquia;05858;Vegachí;11066;8108;73,3
05;Antioquia;05861;Venecia;13285;7973;60,0
05;Antioquia;05873;Vigía del  Fuerte;5320;5243;98,6
05;Antioquia;05885;Yalí;6257;4416;70,6
05;Antioquia;05887;Yarumal;31459;16487;52,4
05;Antioquia;05890;Yolombó;19999;14050;70,3
05;Antioquia;05893;Yondo;13417;10623;79,2
05;Antioquia;05895;Zaragoza;25113;20064;79,9
08;Atlántico;08001;Barranquilla;1110001;412921;37,2
08;Atlántico;08078;Baranoa;50216;36620;72,9
08;Atlántico;08137;Campo de la Cruz;18345;15893;86,6
08;Atlántico;08141;Candelaria;11635;10665;91,7
08;Atlántico;08296;Galapa;31595;24740;78,3
08;Atlántico;08372;Juan de Acosta;14182;9753;68,8
08;Atlántico;08421;Luruaco;22862;20450;89,4
08;Atlántico;08433;Malambo;98676;61670;62,5
08;Atlántico;08436;Manatí;13448;10941;81,4
08;Atlántico;08520;Palmar de Varela;23000;14809;64,4
08;Atlántico;08549;Piojo;4838;3960;81,9
08;Atlántico;08558;Polonuevo;13516;11264;83,3
08;Atlántico;08560;Ponedera;18394;16558;90,0
08;Atlántico;08573;Puerto Colombia;26839;11363;42,3
08;Atlántico;08606;Repelón;22172;17608;79,4
08;Atlántico;08634;Sabanagrande;24845;15288;61,5
08;Atlántico;08638;Sabanalarga;84269;51234;60,8
08;Atlántico;08675;Santa Lucía;11935;10054;84,2
08;Atlántico;08685;Santo Tomás;23150;12651;54,6
08;Atlántico;08758;Soledad;455381;206806;45,4
08;Atlántico;08770;Suán;9341;8412;90,1
08;Atlántico;08832;Tubará;10580;7193;68,0
08;Atlántico;08849;Usiacuri;8561;6707;78,3
11;Bogotá D.C.;11001;Bogotá D.C.;6740859;1638155;24,3
13;Bolívar;13001;Cartagena;892163;379842;42,6
13;Bolívar;13006;Achí;19606;18147;92,6
13;Bolívar;13030;Altos Del Rosario;10665;9971;93,5
13;Bolívar;13042;Arenal;7363;6482;88,0
13;Bolívar;13052;Arjona;60554;48004;79,3
13;Bolívar;13062;Arroyohondo;8799;8514;96,8
13;Bolívar;13074;Barranco De Loba;15170;13859;91,4
13;Bolívar;13140;Calamar;20702;19015;91,9
13;Bolívar;13160;Cantagallo;7839;5830;74,4
13;Bolívar;13188;Cicuco;10973;9415;85,8
13;Bolívar;13212;Córdoba;12798;11044;86,3
13;Bolívar;13222;Clemencia;11610;10022;86,3
13;Bolívar;13244;El Carmen de Bolivar;65861;57105;86,7
13;Bolívar;13248;El Guamo;7724;6538;84,6
13;Bolívar;13268;El Peñon;7842;7081;90,3
13;Bolívar;13300;Hatillo De Loba;11274;10688;94,8
13;Bolívar;13430;Magangué;120692;88087;73,0
13;Bolívar;13433;Mahates;22983;18427;80,2
13;Bolívar;13440;Margarita;9342;9004;96,4
13;Bolívar;13442;María la Baja;45246;39407;87,1
13;Bolívar;13458;Montecristo;11169;10177;91,1
13;Bolívar;13468;Mompox;41222;30726;74,5
13;Bolívar;13473;Morales;13211;11237;85,1
13;Bolívar;13549;Pinillos;22714;20833;91,7
13;Bolívar;13580;Regidor;4470;3944;88,2
13;Bolívar;13600;Rio Viejo;15176;13221;87,1
13;Bolívar;13620;San Cristobal;6575;5699;86,7
13;Bolívar;13647;San Estanislao;15269;12402;81,2
13;Bolívar;13650;San Fernando;12630;11639;92,2
13;Bolívar;13654;San Jacinto;21172;17340;81,9
13;Bolívar;13655;San Jacinto Del Cauca;7123;6513;91,4
13;Bolívar;13657;San Juan Nepomuceno;32194;26793;83,2
13;Bolívar;13667;San Martín De Loba;14365;12638;88,0
13;Bolívar;13670;San Pablo;27096;22769;84,0
13;Bolívar;13673;Santa Catalina;11996;9510;79,3
13;Bolívar;13683;Santa Rosa del Norte;18359;16337;89,0
13;Bolívar;13688;Santa Rosa Del Sur;26869;20498;76,3
13;Bolívar;13744;Simití;18116;14812;81,8
13;Bolívar;13760;Soplaviento;8303;5528;66,6
13;Bolívar;13780;Talaigua Nuevo;10967;8804;80,3
13;Bolívar;13810;Tiquisio;18669;17730;95,0
13;Bolívar;13836;Turbaco;63246;39829;63,0
13;Bolívar;13838;Turbaná;13507;10899;80,7
13;Bolívar;13873;Villanueva;17599;15871;90,2
13;Bolívar;13894;Zambrano;10202;8658;84,9
15;Boyacá;15001;Tunja;150494;48418;32,2
15;Boyacá;15022;Almeida;2168;1417;65,4
15;Boyacá;15047;Aquitania;16084;10772;67,0
15;Boyacá;15051;Arcabuco;5079;3170;62,4
15;Boyacá;15087;Belén;8446;4750;56,2
15;Boyacá;15090;Berbeo;1805;1079;59,8
15;Boyacá;15092;Betéitiva;2382;1919;80,6
15;Boyacá;15097;Boavita;6431;4393;68,3
15;Boyacá;15104;Boyacá;4947;4215;85,2
15;Boyacá;15106;Briceño;2653;1912;72,1
15;Boyacá;15109;Buenavista;5759;4310;74,8
15;Boyacá;15114;Busbanzá;866;566;65,4
15;Boyacá;15131;Caldas;3888;2867;73,7
15;Boyacá;15135;Campohermoso;3866;3042;78,7
15;Boyacá;15162;Cerinza;4164;2628;63,1
15;Boyacá;15172;Chinavita;3635;2341;64,4
15;Boyacá;15176;Chiquinquirá;52784;24690;46,8
15;Boyacá;15180;Chiscas;5144;4031;78,4
15;Boyacá;15183;Chita;10303;8681;84,3
15;Boyacá;15185;Chitaraque;6499;5308;81,7
15;Boyacá;15187;Chivatá;4977;4243;85,2
15;Boyacá;15189;Ciénega;5096;4075;80,0
15;Boyacá;15204;Cómbita;9842;6835;69,4
15;Boyacá;15212;Coper;4046;3126;77,3
15;Boyacá;15215;Corrales;2476;1146;46,3
15;Boyacá;15218;Covarachía;3169;2682;84,6
15;Boyacá;15223;Cubara;6374;5022;78,8
15;Boyacá;15224;Cucaita;4473;3341;74,7
15;Boyacá;15226;Cuitiva;1944;1485;76,4
15;Boyacá;15232;Chíquiza;5916;5109;86,4
15;Boyacá;15236;Chivor;1941;1263;65,1
15;Boyacá;15238;Duitama;104024;28627;27,5
15;Boyacá;15244;El Cocuy;5257;3337;63,5
15;Boyacá;15248;El Espino;2956;1937;65,5
15;Boyacá;15272;Firavitoba;6173;3306;53,6
15;Boyacá;15276;Floresta;3823;2483;64,9
15;Boyacá;15293;Gachantivá;2981;2463;82,6
15;Boyacá;15296;Gámeza;4868;3296;67,7
15;Boyacá;15299;Garagoa;16039;7588;47,3
15;Boyacá;15317;Guacamayas;2026;1374;67,8
15;Boyacá;15322;Guateque;9867;4208;42,6
15;Boyacá;15325;Guayatá;5946;3490;58,7
15;Boyacá;15332;Guican;5877;4569;77,7
15;Boyacá;15362;Iza;2080;1051;50,5
15;Boyacá;15367;Jenesano;7287;5335;73,2
15;Boyacá;15368;Jericó;4493;3649;81,2
15;Boyacá;15377;Labranzagrande;5166;4052;78,4
15;Boyacá;15380;La Capilla;3036;1444;47,6
15;Boyacá;15401;La Victoria;1643;1234;75,1
15;Boyacá;15403;La Uvita;3385;2240;66,2
15;Boyacá;15407;Villa De Leyva;9549;4288;44,9
15;Boyacá;15425;Macanal;4547;3028;66,6
15;Boyacá;15442;Maripi;7673;6152;80,2
15;Boyacá;15455;Miraflores;9437;5057;53,6
15;Boyacá;15464;Mongua;5053;3386;67,0
15;Boyacá;15466;Monguí;4855;2816;58,0
15;Boyacá;15469;Moniquirá;21227;12898;60,8
15;Boyacá;15476;Motavita;5904;4940;83,7
15;Boyacá;15480;Muzo;9670;6760;69,9
15;Boyacá;15491;Nobsa;14873;4804;32,3
15;Boyacá;15494;Nuevo Colón;5950;4315;72,5
15;Boyacá;15500;Oicatá;2767;1869;67,5
15;Boyacá;15507;Otanche;10211;8087;79,2
15;Boyacá;15511;Pachavita;2951;1830;62,0
15;Boyacá;15514;Páez;3224;2234;69,3
15;Boyacá;15516;Paipa;27202;11372;41,8
15;Boyacá;15518;Pajarito;2097;1378;65,7
15;Boyacá;15522;Panqueba;1728;1056;61,1
15;Boyacá;15531;Pauna;10136;8618;85,0
15;Boyacá;15533;Paya;2497;2213;88,6
15;Boyacá;15537;Paz De Río;5082;2206;43,4
15;Boyacá;15542;Pesca;9322;6676;71,6
15;Boyacá;15550;Pisba;1399;1133;81,0
15;Boyacá;15572;Puerto Boyacá;49435;31611;63,9
15;Boyacá;15580;Quipama;7897;5852;74,1
15;Boyacá;15599;Ramiriquí;9533;6006;63,0
15;Boyacá;15600;Ráquira;12296;9938;80,8
15;Boyacá;15621;Rondón;2865;2284;79,7
15;Boyacá;15632;Saboya;12610;10804;85,7
15;Boyacá;15638;Sáchica;3783;2545;67,3
15;Boyacá;15646;Samacá;17300;11563;66,8
15;Boyacá;15660;San Eduardo;1826;1139;62,4
15;Boyacá;15664;San José De Pare;5577;4789;85,9
15;Boyacá;15667;San Luis De Gaceno;6046;4258;70,4
15;Boyacá;15673;San Mateo;4489;3011;67,1
15;Boyacá;15676;San Miguel de Sema;3989;2830;70,9
15;Boyacá;15681;San Pablo Borbur;9724;8121;83,5
15;Boyacá;15686;Santana;7680;5869;76,4
15;Boyacá;15690;Santa María;4430;2695;60,8
15;Boyacá;15693;Santa Rosa De Viterbo;10257;4802;46,8
15;Boyacá;15696;Santa Sofía;3005;1937;64,5
15;Boyacá;15720;Sativanorte;2654;1876;70,7
15;Boyacá;15723;Sativasur;1255;689;54,9
15;Boyacá;15740;Siachoque;7630;6046;79,2
15;Boyacá;15753;Soata;8620;4158;48,2
15;Boyacá;15755;Socota;9791;8034;82,1
15;Boyacá;15757;Socha;7337;3770;51,4
15;Boyacá;15759;Sogamoso;112418;34279;30,5
15;Boyacá;15761;Somondoco;3233;1945;60,2
15;Boyacá;15762;Sora;2909;2377;81,7
15;Boyacá;15763;Sotaquirá;8293;6194;74,7
15;Boyacá;15764;Soracá;5805;5106;88,0
15;Boyacá;15774;Susacon;3537;2409;68,1
15;Boyacá;15776;Sutamarchan;5624;3528;62,7
15;Boyacá;15778;Sutatenza;4402;3067;69,7
15;Boyacá;15790;Tasco;6665;4151;62,3
15;Boyacá;15798;Tenza;4498;2790;62,0
15;Boyacá;15804;Tibaná;9441;7231;76,6
15;Boyacá;15806;Tibasosa;12446;6039;48,5
15;Boyacá;15808;Tinjaca;2867;1998;69,7
15;Boyacá;15810;Tipacoque;3730;2830;75,9
15;Boyacá;15814;Toca;8726;5357;61,4
15;Boyacá;15816;Togüí;5089;4175;82,0
15;Boyacá;15820;Tópaga;3582;2011;56,2
15;Boyacá;15822;Tota;5510;4643;84,3
15;Boyacá;15832;Tunungua;1579;1071;67,8
15;Boyacá;15835;Turmequé;7323;4667;63,7
15;Boyacá;15837;Tuta;8814;6145;69,7
15;Boyacá;15839;Tutazá;2185;1748;80,0
15;Boyacá;15842;Umbita;9849;7894;80,2
15;Boyacá;15861;Ventaquemada;14122;10927;77,4
15;Boyacá;15879;Viracachá;3380;2361;69,9
15;Boyacá;15897;Zetaquira;4995;3389;67,8
17;Caldas;17001;Manizales;363837;107568;29,6
17;Caldas;17013;Aguadas;22244;13173;59,2
17;Caldas;17042;Anserma;33428;21330;63,8
17;Caldas;17050;Aranzazu;12151;7156;58,9
17;Caldas;17088;Belalcazar;11301;7458;66,0
17;Caldas;17174;Chinchina;51030;21623;42,4
17;Caldas;17272;Filadelfia;12209;8878;72,7
17;Caldas;17380;La Dorada;68808;34985;50,8
17;Caldas;17388;La Merced;6296;4018;63,8
17;Caldas;17433;Manzanares;17988;11478;63,8
17;Caldas;17442;Marmato;8145;5245;64,4
17;Caldas;17444;Marquetalia;13830;10465;75,7
17;Caldas;17446;Marulanda;2660;1499;56,4
17;Caldas;17486;Neira;26954;17465;64,8
17;Caldas;17495;Norcasia;6377;4497;70,5
17;Caldas;17513;Pácora;14344;8533;59,5
17;Caldas;17524;Palestina;17183;10859;63,2
17;Caldas;17541;Pensilvania;23303;14659;62,9
17;Caldas;17614;Riosucio;35693;19722;55,3
17;Caldas;17616;Risaralda;10160;7205;70,9
17;Caldas;17653;Salamina;18100;10104;55,8
17;Caldas;17662;Samana;18200;12775;70,2
17;Caldas;17665;San José;5909;4246;71,9
17;Caldas;17777;Supía;23996;13412;55,9
17;Caldas;17867;Victoria;8692;5566;64,0
17;Caldas;17873;Villamaría;44759;18983;42,4
17;Caldas;17877;Viterbo;11805;7104;60,2
18;Caquetá;18001;Florencia;133550;74668;55,9
18;Caquetá;18029;Albania;5992;4319;72,1
18;Caquetá;18094;Belen Andaquies;10707;8478;79,2
18;Caquetá;18150;Cartagena del Chaira;20219;17902;88,5
18;Caquetá;18205;Curillo;7321;5780;79,0
18;Caquetá;18247;El Doncello;18624;13568;72,9
18;Caquetá;18256;El Paujil;14829;12280;82,8
18;Caquetá;18410;La Montañita;15703;13916;88,6
18;Caquetá;18460;Milán;7282;6373;87,5
18;Caquetá;18479;Morelia;3573;2752;77,0
18;Caquetá;18592;Puerto Rico;17881;13109;73,3
18;Caquetá;18610;San José del Fragua;9314;7088;76,1
18;Caquetá;18753;San Vicente del Caguán;41796;33002;79,0
18;Caquetá;18756;Solano*;10625;9749;91,8
18;Caquetá;18785;Solita;7289;6314;86,6
18;Caquetá;18860;Valparaíso;7621;6112;80,2
19;Cauca;19001;Popayán;255707;104965;41,0
19;Cauca;19022;Almaguer;18346;17081;93,1
19;Cauca;19050;Argelia*;290;290;100,0
19;Cauca;19075;Balboa;23691;20679;87,3
19;Cauca;19100;Bolivar;43282;36373;84,0
19;Cauca;19110;Buenos Aires;22784;18748;82,3
19;Cauca;19130;Cajibío;34776;31539;90,7
19;Cauca;19137;Caldono;31034;27032;87,1
19;Cauca;19142;Caloto;36790;27233;74,0
19;Cauca;19212;Corinto;22802;17862;78,3
19;Cauca;19256;El Tambo;34252;28543;83,3
19;Cauca;19290;Florencia;6014;4994;83,0
19;Cauca;19318;Guapi;28584;24623;86,1
19;Cauca;19355;Inza;27142;24260;89,4
19;Cauca;19364;Jambaló;14722;13615;92,5
19;Cauca;19392;La Sierra;10834;8299;76,6
19;Cauca;19397;La Vega;33133;30396;91,7
19;Cauca;19418;López de Micay;12950;11377;87,9
19;Cauca;19450;Mercaderes;17651;14537;82,4
19;Cauca;19455;Miranda;31907;21613;67,7
19;Cauca;19473;Morales;24372;21692;89,0
19;Cauca;19513;Padilla;8253;5270;63,9
19;Cauca;19517;Páez;31535;27243;86,4
19;Cauca;19532;Patía;20659;13323;64,5
19;Cauca;19533;Piamonte*;1387;1273;91,8
19;Cauca;19548;Piendamo;36093;26007;72,1
19;Cauca;19573;Puerto Tejada;44067;23021;52,2
19;Cauca;19585;Puracé;14919;11670;78,2
19;Cauca;19622;Rosas;11391;8880;78,0
19;Cauca;19693;San Sebastián;12016;10110;84,1
19;Cauca;19698;Santander de Quilichao;80260;50218;62,6
19;Cauca;19701;Santa Rosa;5300;4659;87,9
19;Cauca;19743;Silvia;30732;23891;77,7
19;Cauca;19760;Sotará;15880;13236;83,4
19;Cauca;19780;Suárez;18968;16320;86,0
19;Cauca;19785;Sucre;7811;6794;87,0
19;Cauca;19807;Timbio;30190;18225;60,4
19;Cauca;19809;Timbiquí;17069;16178;94,8
19;Cauca;19821;Toribio;26498;23422;88,4
19;Cauca;19824;Totoro;17573;15519;88,3
19;Cauca;19845;Villa Rica;14362;9175;63,9
20;Cesar;20001;Valledupar;346125;184204;53,2
20;Cesar;20011;Aguachica;80674;57519;71,3
20;Cesar;20013;Agustín Codazzi;52124;38085;73,1
20;Cesar;20032;Astrea;17785;14987;84,3
20;Cesar;20045;Becerril;13516;9557;70,7
20;Cesar;20060;Bosconia;30324;23553;77,7
20;Cesar;20175;Chimichagua;30109;26106;86,7
20;Cesar;20178;Chiriguana;21424;15217;71,0
20;Cesar;20228;Curumani;26693;20351;76,2
20;Cesar;20238;El Copey;24344;19264;79,1
20;Cesar;20250;El Paso;20278;16166;79,7
20;Cesar;20295;Gamarra;14188;11240;79,2
20;Cesar;20310;González;8794;7537;85,7
20;Cesar;20383;La Gloria;14173;11644;82,2
20;Cesar;20400;La Jagua de Ibirico;21368;14914;69,8
20;Cesar;20443;Manaure Balcon del Cesar;6869;4432;64,5
20;Cesar;20517;Pailitas;15550;11545;74,2
20;Cesar;20550;Pelaya;15447;12615;81,7
20;Cesar;20570;Pueblo Bello;16895;15370;91,0
20;Cesar;20614;Río De Oro;14016;10500;74,9
20;Cesar;20621;Robles - La Paz;20588;13338;64,8
20;Cesar;20710;San Alberto;19627;12372;63,0
20;Cesar;20750;San Diego;13345;8476;63,5
20;Cesar;20770;San Martín;16912;13443;79,5
20;Cesar;20787;Tamalameque;13629;11174;82,0
23;Córdoba;23001;Montería;379249;259642;68,5
23;Córdoba;23068;Ayapel;42552;37505;88,1
23;Córdoba;23079;Buenavista;19040;16486;86,6
23;Córdoba;23090;Canalete;14458;13668;94,5
23;Córdoba;23162;Cereté;83897;61118;72,8
23;Córdoba;23168;Chima;13637;12184;89,3
23;Córdoba;23182;Chinú;43314;35413;81,8
23;Córdoba;23189;Ciénaga De Oro;53380;45284;84,8
23;Córdoba;23300;Cotorra;15025;13016;86,6
23;Córdoba;23350;La Apartada;12721;10970;86,2
23;Córdoba;23417;Lorica;109919;90165;82,0
23;Córdoba;23419;Los Córdobas;18192;17076;93,9
23;Córdoba;23464;Momil;14160;11788;83,2
23;Córdoba;23466;Montelíbano;69171;50246;72,6
23;Córdoba;23500;Moñitos;23653;21788;92,1
23;Córdoba;23555;Planeta Rica;61536;49004;79,6
23;Córdoba;23570;Pueblo Nuevo;31740;26778;84,4
23;Córdoba;23574;Puerto Escondido;22329;20620;92,3
23;Córdoba;23580;Puerto Libertador;33911;29457;86,9
23;Córdoba;23586;Purísima;14639;12276;83,9
23;Córdoba;23660;Sahagún;86144;64331;74,7
23;Córdoba;23670;San Andrés Sotavento;63446;59141;93,2
23;Córdoba;23672;San Antero;26457;20752;78,4
23;Córdoba;23675;San Bernardo Del Viento;31451;27754;88,2
23;Córdoba;23678;San Carlos;23733;21772;91,7
23;Córdoba;23686;San Pelayo;39249;34144;87,0
23;Córdoba;23807;Tierralta;78144;69620;89,1
23;Córdoba;23855;Valencia;34647;30539;88,1
25;C/marca.;25001;Agua de Dios;10990;4954;45,1
25;C/marca.;25019;Albán;5748;3542;61,6
25;C/marca.;25035;Anapoima;11257;5328;47,3
25;C/marca.;25040;Anolaima;12897;6824;52,9
25;C/marca.;25053;Arbelaez;10986;5930;54,0
25;C/marca.;25086;Beltran;1899;1143;60,2
25;C/marca.;25095;Bituima;2521;1574;62,4
25;C/marca.;25099;Bojacá;8771;3271;37,3
25;C/marca.;25120;Cabrera;4538;2978;65,6
25;C/marca.;25123;Cachipay;9668;4866;50,3
25;C/marca.;25126;Cajicá;43996;10988;25,0
25;C/marca.;25148;Caparrapí;13717;10037;73,2
25;C/marca.;25151;Cáqueza;15862;9223;58,1
25;C/marca.;25154;Carmen De Carupa;8181;5599;68,4
25;C/marca.;25168;Chaguaní;3928;2633;67,0
25;C/marca.;25175;Chía;96241;15843;16,5
25;C/marca.;25178;Chipaque;8141;4979;61,2
25;C/marca.;25181;Choachi;10723;5911;55,1
25;C/marca.;25183;Chocontá;18890;12012;63,6
25;C/marca.;25200;Cogua;17924;6423;35,8
25;C/marca.;25214;Cota;19483;5821;29,9
25;C/marca.;25224;Cucunubá;6762;4081;60,4
25;C/marca.;25245;El Colegio;19829;8792;44,3
25;C/marca.;25258;El Peñón;4769;3413;71,6
25;C/marca.;25260;El Rosal;13301;4455;33,5
25;C/marca.;25269;Facatativá;104365;25002;24,0
25;C/marca.;25279;Fomeque;11528;5730;49,7
25;C/marca.;25281;Fosca;6506;4551;70,0
25;C/marca.;25286;Funza;59062;14528;24,6
25;C/marca.;25288;Fúquene;5088;2729;53,6
25;C/marca.;25290;Fusagasugá;103735;37487;36,1
25;C/marca.;25293;Gachala;5690;3789;66,6
25;C/marca.;25295;Gachancipa;10765;3597;33,4
25;C/marca.;25297;Gachetá;10102;6278;62,1
25;C/marca.;25299;Gama;3741;2658;71,1
25;C/marca.;25307;Girardot;94252;31478;33,4
25;C/marca.;25312;Granada;6762;2917;43,1
25;C/marca.;25317;Guachetá;11224;6777;60,4
25;C/marca.;25320;Guaduas;31141;22084;70,9
25;C/marca.;25322;Guasca;12071;4435;36,7
25;C/marca.;25324;Guataqui;2218;1443;65,1
25;C/marca.;25326;Guatavita;5709;3153;55,2
25;C/marca.;25328;Guayabal de Siquima;3536;1905;53,9
25;C/marca.;25335;Guayabetal;4592;2968;64,6
25;C/marca.;25339;Gutierrez;3352;2408;71,8
25;C/marca.;25368;Jerusalen;2632;1763;67,0
25;C/marca.;25372;Junín;8007;5517;68,9
25;C/marca.;25377;La Calera;23263;8818;37,9
25;C/marca.;25386;La Mesa;26282;12321;46,9
25;C/marca.;25394;La Palma;9333;5847;62,6
25;C/marca.;25398;La Peña;6775;5528;81,6
25;C/marca.;25402;La Vega;12820;5942;46,3
25;C/marca.;25407;Lenguazaque;9541;5818;61,0
25;C/marca.;25426;Macheta;6590;4907;74,5
25;C/marca.;25430;Madrid;60278;13202;21,9
25;C/marca.;25436;Manta;4363;2667;61,1
25;C/marca.;25438;Medina;9469;7052;74,5
25;C/marca.;25473;Mosquera;63499;15313;24,1
25;C/marca.;25483;Nariño;2035;1387;68,2
25;C/marca.;25486;Nemocón;11026;4162;37,7
25;C/marca.;25488;Nilo;8223;4342;52,8
25;C/marca.;25489;Nimaima;5404;3738;69,2
25;C/marca.;25491;Nocaima;5268;2814;53,4
25;C/marca.;25506;Ospina Pérez  (Venecia);3761;2234;59,4
25;C/marca.;25513;Pacho;24559;13588;55,3
25;C/marca.;25518;Paime;5268;4223;80,2
25;C/marca.;25524;Pandi;5331;3720;69,8
25;C/marca.;25530;Paratebueno;7191;4895;68,1
25;C/marca.;25535;Pasca;10867;6433;59,2
25;C/marca.;25572;Puerto Salgar;14888;7906;53,1
25;C/marca.;25580;Puli;2832;2057;72,6
25;C/marca.;25592;Quebradanegra;4493;2904;64,6
25;C/marca.;25594;Quetame;6418;4292;66,9
25;C/marca.;25596;Quipile;7890;5144;65,2
25;C/marca.;25599;Apulo;7571;4402;58,1
25;C/marca.;25612;Ricaurte;7974;4331;54,3
25;C/marca.;25645;San Antonio de Tequendama;10171;4974;48,9
25;C/marca.;25649;San Bernardo;9865;5668;57,5
25;C/marca.;25653;San Cayetano;5139;3503;68,2
25;C/marca.;25658;San Francisco;8091;4791;59,2
25;C/marca.;25662;San Juan de Rioseco;9398;5616;59,8
25;C/marca.;25718;Sasaima;9653;5009;51,9
25;C/marca.;25736;Sesquilé;9678;3786;39,1
25;C/marca.;25740;Sibaté;29383;12429;42,3
25;C/marca.;25743;Silvania;20844;11791;56,6
25;C/marca.;25745;Simijaca;10803;5083;47,1
25;C/marca.;25754;Soacha;397997;142958;35,9
25;C/marca.;25758;Sopo;20969;5502;26,2
25;C/marca.;25769;Subachoque;12920;4608;35,7
25;C/marca.;25772;Suesca;13953;5778;41,4
25;C/marca.;25777;Supata;4722;2822;59,8
25;C/marca.;25779;Susa;9788;6241;63,8
25;C/marca.;25781;Sutatausa;4594;2125;46,3
25;C/marca.;25785;Tabio;20666;7391;35,8
25;C/marca.;25793;Tausa;7560;4519;59,8
25;C/marca.;25797;Tena;7430;3936;53,0
25;C/marca.;25799;Tenjo;16559;5291;32,0
25;C/marca.;25805;Tibacuy;4565;3099;67,9
25;C/marca.;25807;Tibirita;2884;1656;57,4
25;C/marca.;25815;Tocaima;16040;9785;61,0
25;C/marca.;25817;Tocancipa;23947;7651;31,9
25;C/marca.;25823;Topaipí;4558;3707;81,3
25;C/marca.;25839;Ubalá;11038;8613;78,0
25;C/marca.;25841;Ubaque;6653;4409;66,3
25;C/marca.;25843;Ubate;32576;13526;41,5
25;C/marca.;25845;Une;7807;4545;58,2
25;C/marca.;25851;Utica;4194;2643;63,0
25;C/marca.;25862;Vergara;7306;5181;70,9
25;C/marca.;25867;Viani;3973;2506;63,1
25;C/marca.;25871;Villagomez;2049;1376;67,2
25;C/marca.;25873;Villapinzón;16155;10926;67,6
25;C/marca.;25875;Villeta;23264;9964;42,8
25;C/marca.;25878;Viota;12954;8210;63,4
25;C/marca.;25885;Yacopí;15833;12391;78,3
25;C/marca.;25898;Zipacón;4866;2557;52,6
25;C/marca.;25899;Zipaquirá;99633;30242;30,4
27;Chocó;27001;Quibdo;108377;78144;72,1
27;Chocó;27006;Acandí;9091;6721;73,9
27;Chocó;27025;Alto Baudó;28502;27884;97,8
27;Chocó;27050;Atrato;5295;5224;98,7
27;Chocó;27073;Bagado;8174;7925;97,0
27;Chocó;27075;Bahía Solano;8772;7034;80,2
27;Chocó;27077;Bajo Baudó;15919;15242;95,7
27;Chocó;27099;Bojayá;8796;8560;97,3
27;Chocó;27135;El Cantón Del San Pablo;4413;4288;97,2
27;Chocó;27150;Carmen del Darien;4191;4068;97,1
27;Chocó;27160;Certegui;6797;6214;91,4
27;Chocó;27205;Condoto;12404;10514;84,8
27;Chocó;27245;El Carmen de Atrato;7076;5676;80,2
27;Chocó;27250;El Litoral de San Juan;7176;6930;96,6
27;Chocó;27361;Itsmina;23296;20114;86,3
27;Chocó;27372;Juradó;2792;2760;98,9
27;Chocó;27413;Lloró;8072;7317;90,6
27;Chocó;27425;Medio Atrato*;9056;9056;100,0
27;Chocó;27430;Medio Baudó*;9358;9071;96,9
27;Chocó;27450;Medio San Juan;10247;9344;91,2
27;Chocó;27491;Nóvita;5708;5616;98,4
27;Chocó;27495;Nuquí;6295;5144;81,7
27;Chocó;27580;Río Iró;5844;5751;98,4
27;Chocó;27600;Rio Quito;6069;5800;95,6
27;Chocó;27615;Riosucio;13831;12649;91,5
27;Chocó;27660;San José del Palmar;3998;3414;85,4
27;Chocó;27745;Sipi;2848;2565;90,1
27;Chocó;27787;Tado;15939;12637;79,3
27;Chocó;27800;Unguía;10446;10054;96,2
27;Chocó;27810;Unión Panamericana;5583;5469;98,0
41;Huila;41001;Neiva;312979;108330;34,6
41;Huila;41006;Acevedo;26582;22839;85,9
41;Huila;41013;Agrado;8426;6007;71,3
41;Huila;41016;Aipe;19748;14018;71,0
41;Huila;41020;Algeciras;23014;17515;76,1
41;Huila;41026;Altamira;3596;1779;49,5
41;Huila;41078;Baraya*;4330;2663;61,5
41;Huila;41132;Campoalegre;32009;19684;61,5
41;Huila;41206;Colombia;8479;6671;78,7
41;Huila;41244;Elias;3321;2085;62,8
41;Huila;41298;Garzón;67324;43016;63,9
41;Huila;41306;Gigante;28032;17974;64,1
41;Huila;41319;Guadalupe;16002;11112;69,4
41;Huila;41349;Hobo;6468;4405;68,1
41;Huila;41357;Iquira;9876;6686;67,7
41;Huila;41359;Isnos;23738;18258;76,9
41;Huila;41378;La Argentina;11665;8284;71,0
41;Huila;41396;La Plata;52367;36261;69,2
41;Huila;41483;Nátaga;5781;4011;69,4
41;Huila;41503;Oporapa;10096;8473;83,9
41;Huila;41518;Paicol;5169;3383;65,4
41;Huila;41524;Palermo;27199;17679;65,0
41;Huila;41530;Palestina;10268;7998;77,9
41;Huila;41548;Pital;12788;9318;72,9
41;Huila;41551;Pitalito;102382;66073;64,5
41;Huila;41615;Rivera;16547;10841;65,5
41;Huila;41660;Saladoblanco;10247;8517;83,1
41;Huila;41668;San Agustín;29623;19791;66,8
41;Huila;41676;Santa María;10163;7768;76,4
41;Huila;41770;Suaza;14473;10630;73,4
41;Huila;41791;Tarqui;15898;11500;72,3
41;Huila;41797;Tesalia;8811;4971;56,4
41;Huila;41799;Tello;13423;10482;78,1
41;Huila;41801;Teruel;8174;5883;72,0
41;Huila;41807;Timaná;19738;13107;66,4
41;Huila;41872;Villavieja;7308;4775;65,3
41;Huila;41885;Yaguará;7798;3901;50,0
44;Guajira;44001;Riohacha;169306;113226;66,9
44;Guajira;44035;Albania;19055;14744;77,4
44;Guajira;44078;Barrancas;26413;18799;71,2
44;Guajira;44090;Dibulla;21980;18778;85,4
44;Guajira;44098;Distracción;11611;9383;80,8
44;Guajira;44110;El Molino;7346;5579;76,0
44;Guajira;44279;Fonseca;26880;17962;66,8
44;Guajira;44378;Hatonuevo;14753;11290;76,5
44;Guajira;44420;La Jagua del Pilar;2662;1872;70,3
44;Guajira;44430;Maicao;103122;85900;83,3
44;Guajira;44560;Manaure;68577;64872;94,6
44;Guajira;44650;San Juan del Cesar;29530;20546;69,6
44;Guajira;44847;Uribia;116181;113422;97,6
44;Guajira;44855;Urumita;13446;10052;74,8
44;Guajira;44874;Villanueva;23592;15297;64,8
47;Magdalena;47001;Santa Marta;413006;200546;48,6
47;Magdalena;47030;Algarrobo;11530;9846;85,4
47;Magdalena;47053;Aracataca;34906;28926;82,9
47;Magdalena;47058;Ariguaní;30541;26787;87,7
47;Magdalena;47161;Cerro San Antonio;8056;7110;88,3
47;Magdalena;47170;Chivolo;16007;14120;88,2
47;Magdalena;47189;Ciénaga;100758;69486;69,0
47;Magdalena;47205;Concordia;9891;9080;91,8
47;Magdalena;47245;El Banco;53470;44145;82,6
47;Magdalena;47258;El Piñon;16668;13778;82,7
47;Magdalena;47268;El Retén;18408;16166;87,8
47;Magdalena;47288;Fundación;56055;38343;68,4
47;Magdalena;47318;Guamal;24045;20444;85,0
47;Magdalena;47460;Nueva Granada;15962;15053;94,3
47;Magdalena;47541;Pedraza;7865;7138;90,8
47;Magdalena;47545;Pijiño Del Carmen;13850;12410;89,6
47;Magdalena;47551;Pivijay;35379;27236;77,0
47;Magdalena;47555;Plato;48882;37792;77,3
47;Magdalena;47570;Puebloviejo;24865;21074;84,8
47;Magdalena;47605;Remolino;7840;6633;84,6
47;Magdalena;47660;Sabanas De San Angel;14320;13426;93,8
47;Magdalena;47675;Salamina;8236;6935;84,2
47;Magdalena;47692;San Sebastián De Buenavista;17930;15774;88,0
47;Magdalena;47703;San Zenón;8749;8205;93,8
47;Magdalena;47707;Santa Ana;22834;20537;89,9
47;Magdalena;47720;Santa Bárbara De Pinto;10919;9905;90,7
47;Magdalena;47745;Sitionuevo;26757;25064;93,7
47;Magdalena;47798;Tenerife;12291;9868;80,3
47;Magdalena;47960;Zapayán;8430;7939;94,2
47;Magdalena;47980;Zona Bananera;56249;46845;83,3
50;Meta;50001;Villavicencio;377247;154225;40,9
50;Meta;50006;Acacias;52114;25261;48,5
50;Meta;50110;Barranca De Upía;3178;1885;59,3
50;Meta;50124;Cabuyaro;3441;2547;74,0
50;Meta;50150;Castilla La Nueva;7123;3808;53,5
50;Meta;50223;Cubarral;5018;3126;62,3
50;Meta;50226;Cumaral;16245;7876;48,5
50;Meta;50245;El Calvario;2214;1413;63,8
50;Meta;50251;El Castillo;5521;4201;76,1
50;Meta;50270;El Dorado;3168;1826;57,6
50;Meta;50287;Fuente De Oro;11045;8027;72,7
50;Meta;50313;Granada;47012;27966;59,5
50;Meta;50318;Guamal;8922;4094;45,9
50;Meta;50325;Mapiripán*;866;845;97,6
50;Meta;50330;Mesetas*;4668;3198;68,5
50;Meta;50350;La Macarena*;4217;3136;74,4
50;Meta;50370;La Uribe;8058;7560;93,8
50;Meta;50400;Lejanías;9030;6694;74,1
50;Meta;50450;Puerto Concordia*;8451;7418;87,8
50;Meta;50568;Puerto Gaitán;15085;12137;80,5
50;Meta;50573;Puerto López;28400;17366;61,1
50;Meta;50577;Puerto Lleras;10429;8931;85,6
50;Meta;50590;Puerto Rico*;7091;5520;77,8
50;Meta;50606;Restrepo;9993;4671;46,7
50;Meta;50680;San Carlos De Guaroa;6492;4024;62,0
50;Meta;50683;San Juan De Arama;6739;4949;73,4
50;Meta;50686;San Juanito;1879;1219;64,9
50;Meta;50689;San Martín;21249;12749;60,0
50;Meta;50711;Vista Hermosa;11767;9061;77,0
52;Nariño;52001;Pasto;379698;159525;42,0
52;Nariño;52019;Alban;19345;14857;76,8
52;Nariño;52022;Aldana;6775;4186;61,8
52;Nariño;52036;Ancuya;8281;4994;60,3
52;Nariño;52051;Arboleda;7442;6836;91,9
52;Nariño;52079;Barbacoas;30247;26893;88,9
52;Nariño;52083;Belén;4912;2889;58,8
52;Nariño;52110;Buesaco;21010;18070;86,0
52;Nariño;52203;Colon;9672;7953;82,2
52;Nariño;52207;Consaca;10192;6855;67,3
52;Nariño;52210;Contadero;6639;4509;67,9
52;Nariño;52215;Córdoba;13462;10788;80,1
52;Nariño;52224;Cuaspud Carlosama;8076;6318;78,2
52;Nariño;52227;Cumbal;22418;15824;70,6
52;Nariño;52233;Cumbitara*;6125;5223;85,3
52;Nariño;52240;Chachagui;11878;8796;74,1
52;Nariño;52250;El Charco;26163;25914;99,0
52;Nariño;52254;El Peñol;6662;5336;80,1
52;Nariño;52256;El Rosario;11163;9577;85,8
52;Nariño;52258;El Tablón;13838;11572;83,6
52;Nariño;52260;El Tambo;13775;8455;61,4
52;Nariño;52287;Funes;6683;4887;73,1
52;Nariño;52317;Guachucal;16620;11793;71,0
52;Nariño;52320;Guaitarilla;12764;8603;67,4
52;Nariño;52323;Gualmatan;5656;3687;65,2
52;Nariño;52352;Iles;7864;5747;73,1
52;Nariño;52354;Imues;7280;5155;70,8
52;Nariño;52356;Ipiales;108660;65941;60,7
52;Nariño;52378;La Cruz;17617;15384;87,3
52;Nariño;52381;La Florida;11147;7443;66,8
52;Nariño;52385;La Llanada;3645;2195;60,2
52;Nariño;52390;La Tola;8571;7840;91,5
52;Nariño;52399;La Unión;27471;20377;74,2
52;Nariño;52405;Leyva;11825;10184;86,1
52;Nariño;52411;Linares;11510;7854;68,2
52;Nariño;52418;Los Andes;14870;12127;81,6
52;Nariño;52427;Magüi;13831;13673;98,9
52;Nariño;52435;Mallama;8270;6154;74,4
52;Nariño;52473;Mosquera;11873;11454;96,5
52;Nariño;52480;Nariño;4210;2995;71,1
52;Nariño;52490;Olaya Herrera;27225;26491;97,3
52;Nariño;52506;Ospina;8233;6409;77,8
52;Nariño;52520;Francisco Pizarro;11183;10310;92,2
52;Nariño;52540;Policarpa;9708;7847;80,8
52;Nariño;52560;Potosi;13029;8806;67,6
52;Nariño;52565;Providencia;11726;10048;85,7
52;Nariño;52573;Puerres;8841;5973;67,6
52;Nariño;52585;Pupiales;18406;13891;75,5
52;Nariño;52612;Ricaurte;14624;12341;84,4
52;Nariño;52621;Roberto Payán;17286;16924;97,9
52;Nariño;52678;Samaniego;49927;36006;72,1
52;Nariño;52683;Sandoná;25068;16534;66,0
52;Nariño;52685;San Bernardo;14487;12295;84,9
52;Nariño;52687;San Lorenzo;18385;15570;84,7
52;Nariño;52693;San Pablo;14927;9693;64,9
52;Nariño;52694;San Pedro de Cartago;7017;5571;79,4
52;Nariño;52696;Santa Bárbara - Iscuande*;8615;8271;96,0
52;Nariño;52699;Santa Cruz;16868;13987;82,9
52;Nariño;52720;Sapuyes;7342;4966;67,6
52;Nariño;52786;Taminango;17345;13925;80,3
52;Nariño;52788;Tangua;10631;7716;72,6
52;Nariño;52835;Tumaco;160899;135952;84,5
52;Nariño;52838;Túquerres;41110;28165;68,5
52;Nariño;52885;Yacuanquer;10004;7125;71,2
54;Norte de Sant.;54001;Cúcuta;580905;293873;50,6
54;Norte de Sant.;54003;Abrego;32097;26156;81,5
54;Norte de Sant.;54051;Arboledas;8556;6874;80,3
54;Norte de Sant.;54099;Bochalema;6539;4005;61,3
54;Norte de Sant.;54109;Bucarasica;4499;3972;88,3
54;Norte de Sant.;54125;Cacota;2468;1553;62,9
54;Norte de Sant.;54128;Cachira;10545;8183;77,6
54;Norte de Sant.;54172;Chinacota;14683;8996;61,3
54;Norte de Sant.;54174;Chitaga;9571;7450;77,8
54;Norte de Sant.;54206;Convención;13901;10172;73,2
54;Norte de Sant.;54223;Cucutilla;8304;6362;76,6
54;Norte de Sant.;54239;Durania;4146;2619;63,2
54;Norte de Sant.;54245;El Carmen;11669;9821;84,2
54;Norte de Sant.;54250;El Tarra;9864;9071;92,0
54;Norte de Sant.;54261;El Zulia;20188;14650;72,6
54;Norte de Sant.;54313;Gramalote;6140;4027;65,6
54;Norte de Sant.;54344;Hacari;8018;7494;93,5
54;Norte de Sant.;54347;Herrán;4362;3047;69,9
54;Norte de Sant.;54377;Labateca;5759;4274;74,2
54;Norte de Sant.;54385;La Esperanza;10819;9213;85,2
54;Norte de Sant.;54398;La Playa;5770;4748;82,3
54;Norte de Sant.;54405;Los Patios;67346;31845;47,3
54;Norte de Sant.;54418;Lourdes;3348;2240;66,9
54;Norte de Sant.;54480;Mutiscua;3839;2655;69,2
54;Norte de Sant.;54498;Ocaña;87885;45921;52,3
54;Norte de Sant.;54518;Pamplona;51006;19260;37,8
54;Norte de Sant.;54520;Pamplonita;4758;3265;68,6
54;Norte de Sant.;54553;Puerto Santander;8099;5799;71,6
54;Norte de Sant.;54599;Ragonvalia;6740;5112;75,8
54;Norte de Sant.;54660;Salazar;9216;7037;76,4
54;Norte de Sant.;54670;San Calixto;9752;8700;89,2
54;Norte de Sant.;54673;San Cayetano;4476;3095;69,1
54;Norte de Sant.;54680;Santiago;2635;1780;67,6
54;Norte de Sant.;54720;Sardinata;19185;15941;83,1
54;Norte de Sant.;54743;Silos;5149;3753;72,9
54;Norte de Sant.;54800;Teorama;15177;13414;88,4
54;Norte de Sant.;54810;Tibú;29952;25503;85,1
54;Norte de Sant.;54820;Toledo;15344;11383;74,2
54;Norte de Sant.;54871;Villacaro;5005;4179;83,5
54;Norte de Sant.;54874;Villa Del Rosario;69875;39613;56,7
63;Quindío;63001;Armenia;271094;93008;34,3
63;Quindío;63111;Buenavista;2883;1648;57,2
63;Quindío;63130;Calarcá;70873;28765;40,6
63;Quindío;63190;Circasia;26636;10894;40,9
63;Quindío;63212;Córdoba;5214;3149;60,4
63;Quindío;63272;Filandia;12430;7127;57,3
63;Quindío;63302;Génova;9063;6095;67,2
63;Quindío;63401;La Tebaida;32562;17276;53,1
63;Quindío;63470;Montenegro;38064;21516;56,5
63;Quindío;63548;Pijao;6379;3786;59,4
63;Quindío;63594;Quimbaya;32632;17247;52,9
63;Quindío;63690;Salento;6917;3649;52,8
66;Risaralda;66001;Pereira;424230;142775;33,7
66;Risaralda;66045;Apia;12828;7940;61,9
66;Risaralda;66075;Balboa;6062;4272;70,5
66;Risaralda;66088;Belen de Umbria;26495;16451;62,1
66;Risaralda;66170;Dos Quebradas;173009;58028;33,5
66;Risaralda;66318;Guatica;15081;9508;63,0
66;Risaralda;66383;La Celia;8269;5613;67,9
66;Risaralda;66400;La Virginia;29981;14479;48,3
66;Risaralda;66440;Marsella;20672;12717;61,5
66;Risaralda;66456;Mistrato;12427;8712;70,1
66;Risaralda;66572;Pueblo Rico;11400;9321;81,8
66;Risaralda;66594;Quinchia;31833;22266;69,9
66;Risaralda;66682;Santa Rosa de Cabal;66737;30396;45,5
66;Risaralda;66687;Santuario;14673;9207;62,7
68;Santander;68001;Bucaramanga;501113;142747;28,5
68;Santander;68013;Aguada;1816;1289;71,0
68;Santander;68020;Albania;4260;3308;77,7
68;Santander;68051;Aratoca;8142;6365;78,2
68;Santander;68077;Barbosa;25612;12170;47,5
68;Santander;68079;Barichara;6970;3486;50,0
68;Santander;68081;Barrancabermeja;184321;79819;43,3
68;Santander;68092;Betulia;5176;3758;72,6
68;Santander;68101;Bolívar;12833;10095;78,7
68;Santander;68121;Cabrera;1874;1098;58,6
68;Santander;68132;California;1783;713;40,0
68;Santander;68147;Capitanejo;5933;3365;56,7
68;Santander;68152;Carcasi;5073;3809;75,1
68;Santander;68160;Cepita;1952;1368;70,1
68;Santander;68162;Cerrito;6163;4039;65,5
68;Santander;68167;Charalá;11041;5692;51,6
68;Santander;68169;Charta;3054;2069;67,7
68;Santander;68176;Chima;3268;2423;74,1
68;Santander;68179;Chipata;4967;3702;74,5
68;Santander;68190;Cimitarra;31679;22399;70,7
68;Santander;68207;Concepción;5731;3408;59,5
68;Santander;68209;Confines;2702;1757;65,0
68;Santander;68211;Contratación;3766;2001;53,1
68;Santander;68217;Coromoro;6109;4288;70,2
68;Santander;68229;Curiti;11306;7144;63,2
68;Santander;68235;El Carmen de Chucurí;18103;14016;77,4
68;Santander;68245;El Guacamayo;2251;1681;74,7
68;Santander;68250;El Peñon;5441;4671;85,8
68;Santander;68255;El Playón;12748;9454;74,2
68;Santander;68264;Encino;2665;1807;67,8
68;Santander;68266;Enciso;3863;2560;66,3
68;Santander;68271;Florian;6163;4910;79,7
68;Santander;68276;Floridablanca;251652;70410;28,0
68;Santander;68296;Galán;2887;1870;64,8
68;Santander;68298;Gambita;3841;3109;80,9
68;Santander;68307;Girón;133904;61394;45,8
68;Santander;68318;Guaca;6698;4774;71,3
68;Santander;68320;Guadalupe;5337;3629;68,0
68;Santander;68322;Guapota;2215;1141;51,5
68;Santander;68324;Guavatá;4279;2900;67,8
68;Santander;68327;Güepsa;4197;2665;63,5
68;Santander;68344;Hato;2340;1658;70,9
68;Santander;68368;Jesús María;3390;2286;67,4
68;Santander;68370;Jordán;1133;817;72,1
68;Santander;68377;La Belleza;6823;5089;74,6
68;Santander;68385;Landazuri;13077;10657;81,5
68;Santander;68397;La Paz;5438;3989;73,4
68;Santander;68406;Lebrija;30850;18699;60,6
68;Santander;68418;Los Santos;10467;7413;70,8
68;Santander;68425;Macaravita;2610;2107;80,7
68;Santander;68432;Málaga;18083;7559;41,8
68;Santander;68444;Matanza;5653;3826;67,7
68;Santander;68464;Mogotes;10575;8408;79,5
68;Santander;68468;Molagavita;5269;3938;74,7
68;Santander;68498;Ocamontes;4877;2953;60,5
68;Santander;68500;Oiba;10781;7982;74,0
68;Santander;68502;Onzaga;5483;4160;75,9
68;Santander;68522;Palmar;1996;1291;64,7
68;Santander;68524;Palmas del Socorro;2381;1476;62,0
68;Santander;68533;Páramo;3643;2079;57,1
68;Santander;68547;Piedecuesta;116183;49222;42,4
68;Santander;68549;Pinchote;3656;1985;54,3
68;Santander;68572;Puente Nacional;14133;9118;64,5
68;Santander;68573;Puerto Parra;6420;4737;73,8
68;Santander;68575;Puerto Wilches;31036;21158;68,2
68;Santander;68615;Rionegro;26668;19096;71,6
68;Santander;68655;Sabana De Torres;19359;12518;64,7
68;Santander;68669;San Andrés;9412;5263;55,9
68;Santander;68673;San Benito;3844;2932;76,3
68;Santander;68679;San Gil;42475;13759;32,4
68;Santander;68682;San Joaquín;2840;2010;70,8
68;Santander;68684;San José de Miranda;4731;3480;73,6
68;Santander;68686;San Miguel;2592;1846;71,2
68;Santander;68689;San Vicente De Chucurí;27640;17771;64,3
68;Santander;68705;Santa Bárbara;2192;1565;71,4
68;Santander;68720;Santa helena de Opón;4314;3590;83,2
68;Santander;68745;Simacota;8716;6764;77,6
68;Santander;68755;Socorro;26866;10053;37,4
68;Santander;68770;Suaita;9869;6378;64,6
68;Santander;68773;Sucre;8928;6795;76,1
68;Santander;68780;Suratá;3553;2404;67,7
68;Santander;68820;Tona;6646;4741;71,3
68;Santander;68855;Valle San José;5052;2872;56,8
68;Santander;68861;Vélez;18611;11462;61,6
68;Santander;68867;Vetas;1668;788;47,2
68;Santander;68872;Villanueva;6796;3424;50,4
68;Santander;68895;Zapatoca;9019;5280;58,5
70;Sucre;70001;Sincelejo;236137;128754;54,5
70;Sucre;70110;Buenavista;8858;6935;78,3
70;Sucre;70124;Caimito;10929;9586;87,7
70;Sucre;70204;Coloso;5921;5012;84,6
70;Sucre;70215;Corozal;55740;35397;63,5
70;Sucre;70221;Coveñas;11254;8671;77,0
70;Sucre;70230;Chalan;3870;3485;90,1
70;Sucre;70233;El Roble;8417;7464;88,7
70;Sucre;70235;Galeras;17202;13181;76,6
70;Sucre;70265;Guaranda;15042;13817;91,9
70;Sucre;70400;La Unión;10278;8521;82,9
70;Sucre;70418;Los Palmitos;18275;14524;79,5
70;Sucre;70429;Majagual;31160;28300;90,8
70;Sucre;70473;Morroa;12634;9706;76,8
70;Sucre;70508;Ovejas;20489;16693;81,5
70;Sucre;70523;Palmito;11392;10145;89,1
70;Sucre;70670;Sampues;36085;30479;84,5
70;Sucre;70678;San Benito Abad;22568;20525;90,9
70;Sucre;70702;San Juan De Betulia;12209;9358;76,7
70;Sucre;70708;San Marcos;50286;43402;86,3
70;Sucre;70713;San Onofre;45591;39561;86,8
70;Sucre;70717;San Pedro;16144;13651;84,6
70;Sucre;70742;Sincé;30365;22797;75,1
70;Sucre;70771;Sucre;21666;19749;91,2
70;Sucre;70820;Tolú;27941;20231;72,4
70;Sucre;70823;Toluviejo;18573;14929;80,4
73;Tolima;73001;Ibagué;490976;171688;35,0
73;Tolima;73024;Alpujarra;5004;3027;60,5
73;Tolima;73026;Alvarado;8818;6090;69,1
73;Tolima;73030;Ambalema;7559;5555;73,5
73;Tolima;73043;Anzoategui*;8357;7085;84,8
73;Tolima;73055;Armero-Guayabal;12674;8997;71,0
73;Tolima;73067;Ataco;15662;12664;80,9
73;Tolima;73124;Cajamarca;19422;12967;66,8
73;Tolima;73148;Carmen de Apicala;8301;4266;51,4
73;Tolima;73152;Casabianca;6704;5135;76,6
73;Tolima;73168;Chaparral;45824;31897;69,6
73;Tolima;73200;Coello;8931;7013;78,5
73;Tolima;73217;Coyaima;27729;24335;87,8
73;Tolima;73226;Cunday;8417;5705;67,8
73;Tolima;73236;Dolores;5613;3941;70,2
73;Tolima;73268;Espinal;73527;40640;55,3
73;Tolima;73270;Falán;7833;5668;72,4
73;Tolima;73275;Flandes;27670;13201;47,7
73;Tolima;73283;Fresno;30589;19473;63,7
73;Tolima;73319;Guamo;34081;27545;80,8
73;Tolima;73347;Herveo;8811;6266;71,1
73;Tolima;73349;Honda;25308;10888;43,0
73;Tolima;73352;Icononzo;10102;6338;62,7
73;Tolima;73408;Lérida;18039;9518;52,8
73;Tolima;73411;Líbano;41322;24324;58,9
73;Tolima;73443;San Sebastián de Mariquita;32463;15830;48,8
73;Tolima;73449;Melgar;32062;10719;33,4
73;Tolima;73461;Murillo;4935;4118;83,4
73;Tolima;73483;Natagaima;20214;14900;73,7
73;Tolima;73504;Ortega;30521;25003;81,9
73;Tolima;73520;Palocabildo;9422;7366;78,2
73;Tolima;73547;Piedras;5364;3318;61,9
73;Tolima;73555;Planadas;25365;20473;80,7
73;Tolima;73563;Prado;8585;5855;68,2
73;Tolima;73585;Purificación;27486;17843;64,9
73;Tolima;73616;Rioblanco;24934;21954;88,0
73;Tolima;73622;Roncesvalles;5998;4623;77,1
73;Tolima;73624;Rovira;20770;15423;74,3
73;Tolima;73671;Saldaña;14701;9154;62,3
73;Tolima;73675;San Antonio;14968;11282;75,4
73;Tolima;73678;San Luís;13436;9983;74,3
73;Tolima;73686;Santa Isabel;6425;4660;72,5
73;Tolima;73770;Suárez;4467;3242;72,6
73;Tolima;73854;Valle de San Juan;6131;4817;78,6
73;Tolima;73861;Venadillo;18554;13521;72,9
73;Tolima;73870;Villahermosa;10846;7895;72,8
73;Tolima;73873;Villarrica;5922;3859;65,2
76;Valle;76001;Cali;2063323;659586;32,0
76;Valle;76020;Alcalá;12684;7069;55,7
76;Valle;76036;Andalucía;17501;8023;45,8
76;Valle;76041;Ansermanuevo;19799;14277;72,1
76;Valle;76054;Argelia;5891;3889;66,0
76;Valle;76100;Bolívar;14788;8527;57,7
76;Valle;76109;Buenaventura;323775;215412;66,5
76;Valle;76111;Buga;109391;34301;31,4
76;Valle;76113;Bugalagrande;20896;9200;44,0
76;Valle;76122;Caicedonia;29617;14033;47,4
76;Valle;76126;Calima - Darién;15027;7314;48,7
76;Valle;76130;Candelaria;68628;27111;39,5
76;Valle;76147;Cartago;120958;55331;45,7
76;Valle;76233;Dagua;33989;21429;63,0
76;Valle;76243;El Aguila;9181;5929;64,6
76;Valle;76246;El Cairo;9006;7033;78,1
76;Valle;76248;El Cerrito;53176;17841;33,6
76;Valle;76250;El Dovio;9016;5627;62,4
76;Valle;76275;Florida;54546;25196;46,2
76;Valle;76306;Ginebra;18762;8161;43,5
76;Valle;76318;Guacarí;30958;11151;36,0
76;Valle;76364;Jamundi;92969;33452;36,0
76;Valle;76377;La Cumbre;10786;5574;51,7
76;Valle;76400;La Unión;31076;19663;63,3
76;Valle;76403;La Victoria;13695;6348;46,4
76;Valle;76497;Obando;13984;9003;64,4
76;Valle;76520;Palmira;275677;82214;29,8
76;Valle;76563;Pradera;47627;22848;48,0
76;Valle;76606;Restrepo;13835;7044;50,9
76;Valle;76616;Riofrío;15296;9301;60,8
76;Valle;76622;Roldanillo;33502;12708;37,9
76;Valle;76670;San Pedro;15371;6468;42,1
76;Valle;76736;Sevilla;41379;19871;48,0
76;Valle;76823;Toro;15362;11640;75,8
76;Valle;76828;Trujillo;18103;11456;63,3
76;Valle;76834;Tuluá;181426;65787;36,3
76;Valle;76845;Ulloa;5113;3212;62,8
76;Valle;76863;Versalles;7967;4607;57,8
76;Valle;76869;Vijes;9586;4451;46,4
76;Valle;76890;Yotoco;15033;8189;54,5
76;Valle;76892;Yumbo;90502;37785;41,8
76;Valle;76895;Zarzal;39826;14460;36,3
81;Arauca;81001;Arauca;66807;33109;49,6
81;Arauca;81065;Arauquita;15843;11271;71,1
81;Arauca;81220;Cravo Norte;2970;2047;68,9
81;Arauca;81300;Fortul*;4393;3093;70,4
81;Arauca;81591;Puerto Rondón;2468;1655;67,1
81;Arauca;81736;Saravena;33782;23082;68,3
81;Arauca;81794;Tame*;21596;13206;61,2
85;Casanare;85001;Yopal;101202;42092;41,6
85;Casanare;85010;Aguazul;27342;14978;54,8
85;Casanare;85015;Chameza;1631;1005;61,6
85;Casanare;85125;Hato Corozal;9447;7550;79,9
85;Casanare;85136;La Salina;1134;814;71,8
85;Casanare;85139;Mani;10394;7304;70,3
85;Casanare;85162;Monterrey;11201;5599;50,0
85;Casanare;85225;Nunchía;7721;6445;83,5
85;Casanare;85230;Orocue;7224;5742;79,5
85;Casanare;85250;Paz de Ariporo;25092;16722;66,6
85;Casanare;85263;Pore;7447;5625;75,5
85;Casanare;85279;Recetor;1469;1174;79,9
85;Casanare;85300;Sabanalarga;3217;1861;57,8
85;Casanare;85315;Sacama;1541;990;64,2
85;Casanare;85325;San Luis de Palenque;6834;5476;80,1
85;Casanare;85400;Támara;6160;5096;82,7
85;Casanare;85410;Tauramena;14781;7983;54,0
85;Casanare;85430;Trinidad;10967;8707;79,4
85;Casanare;85440;Villanueva;20507;11058;53,9
86;Putumayo;86001;Mocoa;35454;18643;52,6
86;Putumayo;86219;Colón;4198;2331;55,5
86;Putumayo;86320;Orito;38611;29468;76,3
86;Putumayo;86568;Puerto Asís;44807;33083;73,8
86;Putumayo;86569;Puerto Caicedo;10581;8843;83,6
86;Putumayo;86571;Puerto Guzmán*;5114;4801;93,9
86;Putumayo;86573;Puerto Leguízamo;9938;9312;93,7
86;Putumayo;86749;Sibundoy;11529;6836;59,3
86;Putumayo;86755;San Francisco;5270;3756;71,3
86;Putumayo;86757;San Miguel;15245;13196;86,6
86;Putumayo;86760;Santiago;5830;4731;81,1
86;Putumayo;86865;Valle del Guamuez;32958;29852;90,6
86;Putumayo;86885;Villagarzón;15085;14253;94,5
88;San Andrés, Prov. y Sta Cat.;88001;San Andrés;54892;20410;37,2
88;San Andrés, Prov. y Sta Cat.;88564;Providencia;4118;1744;42,4
91;Amazonas;91001;Leticia;31682;20992;66,3
91;Amazonas;91263;El encanto (CD)*;138;118;85,5
91;Amazonas;91405;La chorrera (CD);2027;1749;86,3
91;Amazonas;91407;La pedrera (CD);1187;992;83,6
91;Amazonas;91460;Miriti-Paraná (CD)*;13;13;100,0
91;Amazonas;91530;Puerto Alegria (CD)*;4;4;100,0
91;Amazonas;91536;Puerto Arica (CD);1343;1253;93,3
91;Amazonas;91540;Puerto Nariño;6816;6300;92,4
91;Amazonas;91669;Puerto Santander (CD)*;565;473;83,7
91;Amazonas;91798;Tarapacá (CD);2407;2197;91,3
94;Guainía;94001;Inirida;15640;11826;75,6
94;Guainía;94343;Barranco Minas (CD)*;1262;1208;95,7
94;Guainía;94883;San Felipe (CD)*;470;405;86,2
94;Guainía;94884;Puerto Colombia (CD);1043;1024;98,2
94;Guainía;94885;La Guadalupe (CD)*;226;218;96,5
94;Guainía;94886;Cacahual (CD)*;120;109;90,8
95;Guaviare;95001;San José del Guaviare;39284;27436;69,8
95;Guaviare;95015;Calamar;6094;5292;86,8
95;Guaviare;95025;El Retorno*;4119;3981;96,6
95;Guaviare;95200;Miraflores;6706;5415;80,7
97;Vaupés;97001;Mitú;16746;12611;75,3
97;Vaupés;97161;Caruru*;641;591;92,2
97;Vaupés;97666;Taraira;1015;913;90,0
97;Vaupés;97777;Papunaua (CD)*;106;106;100,0
97;Vaupés;97889;Yavaraté;1201;1119;93,2
99;Vichada;99001;Puerto Carreño;12287;8364;68,1
99;Vichada;99524;La Primavera*;4517;4109;91,0
99;Vichada;99624;Santa Rosalia;3188;2877;90,2
99;Vichada;99773;Cumaribo;23990;21708;90,5
